"biodiv_countries","paper_id","list_countries","data_source_meta","data_source_biodiv","tele_cat","data_type_meta","data_type_biodiv","habitat","list_continents","timestamp","coder_id","year_pub","author","taxa_list","scale_entire","num_time_pd","year_start","year_end","temp_res","temp_res_unk","meta_var_type","b4_dur_after","peri_tele_flows","peri_tele_sep","peri_tele_sep_unk","scale_biodiv","comments","num_biodiv_metrics","list_biodiv_metrics","further_discuss","taxa"
"",1320,"","Secondary","Secondary","Tourism","Aggregate institutional data","Aggregate institutional data","Terrestrial","North America;South America;Asia;Europe;Africa;Oceania","2020-06-22 09:23:04","R_Chen",2017,"Wraith","Plants/trees/shrubs","Global (>100 countries)","16","2000","2016","Annually","","Categorical","After","Tourism's impacts on orchids","No","","Global (>100 countries)","","1","number of species","No","Plants"
"FRA",3361,"FRA","Primary","Primary","Tourism","Social science field surveys","Biological field observations","Terrestrial","Europe","2020-06-22 13:22:06","R_Chen",2014,"Faille","Invertebrates","Sub-national (within-country region)","12","2010","2012","every 3 to 4 months during 3 years","","Continuous","During","Tourist","No","","Sub-national (within-country region)","","1","number of species","No","Invertebrates"
"ESP",4180,"ESP","Secondary","Primary","Tourism","Aggregate institutional data","Biological field observations","Marine","Europe","2020-06-22 13:54:59","R_Chen",2014,"Kowalewski ","Clams","Sub-national (within-country region)","2","1978","2010","Monthly","","Continuous","After","Loss of Shells to Tourism","No","","Sub-national (within-country region)","","1","number of species","No","Clams"
"KOR",4518,"KOR;PRK;CHN;MNG;AUS","Primary","Primary;Secondary","Trade;Migration (non-human);Knowledge Transfer","Other","Biological field observations;Aggregate institutional data","Freshwater;Marine","Asia","2020-06-15 13:56:37","A_Herzberger",2013,"Hyun","Birds","International (within a continent; e.g., European Union)","1","1999","2006","Unknown/Unclear","","Categorical","After","land was reclaimed and used for rice production, farmers changed management to attract birds, being compared to a control","No","","Sub-national (within-country region)","","1","diversity ","No","Birds"
"USA",5577,"USA","Primary","Primary","Species Dispersal;Knowledge Transfer","Other","Biological field observations","Terrestrial;Freshwater","North America","2020-06-09 14:31:59","A_Herzberger",2012,"Fischer","Birds","Intercontinental (> 2 continents)","2","2005","2006","Seasonally","","Categorical","During, After","Invasion of riparian areas by Russian Olive that was introduced for conservation (soil stability)  ","No","","Sub-national (within-country region)","","1","Species richness","No","Birds"
"BTN;CHN;IND;NPL",17,"BTN;CHN;IND;NPL","Secondary","Secondary","Tourism","Other","Remote sensing","Terrestrial","Asia","4/7/2020 14:05","E_Dean",2019,"Brandt","Plants/trees/shrubs","International (within a continent; e.g., European Union)","17",NA,NA,"Annually","","Categorical","During","Buffer zones of ecotourism were established in major ecotourism hubs of each country (Himachal Pradesh (n = 4), Nepal (n = 5), Bhutan (n = 3), and Yunnan (n = 3))","Unclear/Uncertain","The study established ecotourism hubs, but did not specify what driver external to those hubs was driving ecotourism (for example, what countries are driving tourism in those hubs?)","International (within a continent; e.g., European Union)","","1","% forest loss","No","Plants"
"USA",134,"USA;ROW","Primary","Primary","Species Dispersal","Field observations","Biological field observations","Freshwater","North America","4/28/2020 18:33","C_Hovis",2017,"Dudley","Invertebrates","Global (>100 countries)","1","2012","2014","Seasonally","","Categorical","Before, After","Invasive spp","No","","Sub-national (within-country region)","USA = Hawaii","20","algae quality (both inv spp); litter quality (tree inv); day abun (both inv, two spp); night abun (both inv,two spp); migration (two inv, two spp), body size, body condition (small & large)","No","Invertebrates"
"",154,"","Secondary","Secondary","Trade","Other","Other","Terrestrial","Unclear/unknown","5/11/2020 12:49","R_Chen",2017,"Grandi","Birds","Intercontinental (> 2 continents)","1",NA,NA,"Unknown/Unclear","review paper, not mentioned","Continuous","After","trade of individual numbers","No","","Intercontinental (> 2 continents)","","1","number of individuals ","No","Birds"
"BRA",302,"BRA","Primary","Primary","Tourism","Field observations","Biological field observations","Freshwater","South America","5/19/2020 9:25","X_Wu",2014,"Lima","Fish","Unclear/unspecified","1","2005","2007","Daily","","Categorical","During","","No","","Sub-national (within-country region)","","4","Species richness; diversity; eveness; density","No","Fish"
"ITA",311,"ITA","Secondary","Primary","Tourism","Other","Biological field observations","Terrestrial","Europe","4/16/2020 12:14","Y_Zhang",2013,"Farris","Plants/trees/shrubs","Sub-national (within-country region)","2","2006","2006","Seasonally","Spring and summer","Categorical","Before, After","Tourists","No","","Sub-national (within-country region)","","1","species cover","No","Plants"
"CUB",471,"CUB","Primary","Primary","Investment","Field observations","Biological field observations","Terrestrial","North America","4/30/2020 22:49","M_Lei",2011,"WIANCKO","Birds","Sub-national (within-country region)","3","2005","2006","Seasonally","","Continuous","During","investment and building in resorts","No","","Sub-national (within-country region)","","2","landbird richness and abundance","No","Birds"
"CHN",479,"CHN","Primary","Primary","Trade","Field observations","Biological field observations","Terrestrial","Asia","5/19/2020 10:32","X_Wu",2019,"Singh","Invertebrates","Unclear/unspecified","1","2013","2013","Annually","","Categorical","During","","No","","Sub-national (within-country region)","This paper only showed the significant differences about the α diversity.","3","Richness, abundance, diversity","No","Invertebrates"
"AUS",510,"AUS","Primary","Primary","Water Transfer;Waste Transfer","Field observations","Biological field observations","Terrestrial","Oceania","4/17/2020 10:03","A_Herzberger",2018,"Geedicke","Plants/trees/shrubs, habitat pollution ","Sub-national (within-country region)","1",NA,NA,"snap shot, 1x","","Categorical","","Runoff from industrial, urban, and control","Yes","the effect of residential vs. industrial runoff on habitat and plant communities ","Sub-national (within-country region)","","2","nutrient pollution, plant community composition","No","Plants; habitat pollution"
"MYS",518,"MYS","Secondary","Primary","Trade","Other","Biological field observations","Terrestrial","Asia","4/21/2020 11:14","A_Herzberger",2018,"Amira","Birds","Sub-national (within-country region)","2","2015","2015","Seasonally","before/after rice harvest","just assuming rice export","Before, After","external flow is rice export","No","","Sub-national (within-country region)","","3","bird abundance, richness and assemblage ","No","Birds"
"NPL",566,"NPL","Secondary","Primary","Migration (human)","Aggregate institutional data","Remote sensing","Terrestrial","Asia","5/26/2020 17:48","R_Chen",2018,"Oldekop","Plants/trees/shrubs","National","2","2000","2012","Annually","","Categorical","After","International outmigration drives reforestation","No","","National","","1","Forest cover change","No","Plants"
"NAM;BWA;ZAF",713,"","Primary;Secondary","Primary;Secondary","Tourism","Other","Social science field observations;Aggregate institutional data","Terrestrial","Africa","4/30/2020 17:58","M_Lei",2018,"Arbieu","Mammals","Global (>100 countries)","1","2012","2014","Annually","","Continuous","After","","No","","National","","2","Large mammal richness and Abundance","No","Mammals"
"USA",1040,"USA","Other","Primary","Other","Other","Biological field observations","Marine","North America","3/19/2020 16:41","E_Xing",2018,"BALMER","Mammals","Sub-national (within-country region)","3","2010","2011","Other","Jun. 2010,Aug. 2010,Feb. 2011,Oct. 2013","Categorical","3","oil spill","Yes","na","subnational","na","na","no such data in Chinese survey","No","Mammals"
"BRA",1270,"BRA","Primary","Primary","Water Transfer;Energy Transfer","Field observations","Biological field observations","Marine","South America","3/26/2020 15:16","A_Herzberger",2017,"Lima","Fish","International (within a continent; e.g., European Union)","3","2004","2012","1 year before, 1 year after, 5 years after dam closure","","Categorical","During, After","Hydropower production, before, after and 5 years after closure","No","","Sub-national (within-country region)","","3","reproduction, habitat use, diet by functional groups","No","Fish"
"DEU",1299,"DEU","Primary","Primary","Tourism","Remote sensing","Biological field observations","Terrestrial","Europe","4/6/2020 9:38","X_Wu",2017,"Coppes","Birds","Unclear/unspecified","2","2003","2006","Seasonally","","Continuous","During","","No","","Sub-national (within-country region)","","1","Habitat","No","Birds"
"",1349,"","Secondary","Secondary","Investment","Aggregate institutional data","Aggregate institutional data","Not specified/Global study","North America;South America;Asia;Europe;Africa;Oceania","4/27/2020 15:48","C_Hovis",2017,"Waldron","Birds, Mammals","Global (>100 countries)","2","1996","2008","Unknown/Unclear","","Continuous","Before, During, After","Conservation investment","No","","National","","1","Biodiversity decline score","No","Birds; Mammals"
"CHN",1366,"CHN","Primary","Primary","Energy Transfer","Field observations","Biological field observations","Freshwater","Asia","5/24/2020 16:01","A_Torres",2017,"Yang","Fish","Sub-national (within-country region)","3","2012","2014","Annually","","Categorical","Before, After","","No","","Sub-national (within-country region)","","5","AbundanceAge1; AbundanceAge2; AbundanceAge3; AbundanceAge4; EggsLarvaeAbundance","No","Fish"
"ARG",1368,"ARG","Primary","Primary","Tourism","Field observations","Biological field observations","Marine","South America","5/19/2020 11:38","X_Wu",2017,"Arribas","Invertebrates","Unclear/unspecified","4",NA,NA,"Seasonally","","Continuous","During","","No","","Sub-national (within-country region)","","1","Density","No","Invertebrates"
"MDV",1376,"MDV","Primary","Primary","Tourism","Field observations","Biological field observations","Marine","Asia","6/3/2020 14:42","A_Herzberger",2013,"Moritz","Plants/trees/shrubs","Sub-national (within-country region)","1",NA,NA,"1 time period, compare between sites","","Categorical","During","reef habitat near island resort tourism ","No","compared with local community, intracoupling ","Sub-national (within-country region)","","7","reef area; reef quality; reef size/age; fish diversity; fish biomass; echinoderm diversity;  echinoderm abundance","No","Plants"
"BRA",1551,"BRA","Primary","Primary","Tourism","Field observations","Biological field observations","Marine","South America","3/31/2020 12:30","A_Torres",2017,"Mota Machado","Invertebrates","Intercontinental (> 2 continents)","2","2012","2014","Seasonally","","Categorical","During","Tourism: Human trampling in urban vs. non-urban areas","No","","Sub-national (within-country region)","","26","Richness-Grussai beach; Density-Grussai beach; Diversity-Grussai beach; Richness-Grussai beach-upper sector; Richness-Grussai beach-medium sector; Richness-Grussai beach-lower sector; Diversity-Grussai beach-upper sector; Diversity -Grussai beach-medium sector; Diversity-Grussai beach-lower sector; Composition-Grussai beach; Composition-Grussai beach-upper sector; Composition-Grussai beach-medium sector; Composition-Grussai beach-lower sector; Richness-Manguinhos beach; Density-Manguinhos beach; Diversity-Manguinhos beach; Composition-Manguinhos beach; Composition-Manguinhos beach-upper sector; Composition-Manguinhos beach-medium sector; Composition-Manguinhos beach-lower sector; Density of Atlantorchestoidea brasiliensis; Density of Donax hanleyanus; Density of Emerita brasiliensis; Density of Excirolana braziliensis; Density of Hemipodia californiensis; Density of Scolelepis sp.","No","Invertebrates"
"CAN",1565,"CAN","Primary","Primary","Trade;Knowledge Transfer","Social science field surveys","Biological field observations","Terrestrial","North America","4/21/2020 15:38","A_Herzberger",2017,"Kirk","Birds","Sub-national (within-country region)","4","1990","1990","Weekly","just 1 time point, 4 replicates ","Categorical","During","organic v. conventional agriculture practices","No","","Sub-national (within-country region)","","2","abundance, richness","No","Birds"
"USA",1590,"USA;GBR;NLD;BEL","Secondary","Secondary","Trade","Aggregate institutional data","Aggregate institutional data","Terrestrial","North America","3/31/2020 14:10","A_Torres",2017,"Dale","Plants/trees/shrubs","Intercontinental (> 2 continents)","2","2002","2014","Annually","","Categorical","Before, After","wood pellet export industry","No","","Sub-national (within-country region)","","4","Number of standing dead trees-Savannah; Area with large trees-Savannah; Number of standing dead trees-Chesapeake; Area with large trees-Chesapeake","No","Plants"
"AUT;BEL;BGR;HRV;CYP;CZE;DNK;EST;FIN;FRA;DEU;GRC;HUN;IRL;ITA;LVA;LTU;LUX;MLT;NLD;POL;PRT;ROU;SVK;SVN;ESP;SWE;GBR",1616,"AUT;BEL;BGR;HRV;CYP;CZE;DNK;EST;FIN;FRA;DEU;GRC;HUN;IRL;ITA;LVA;LTU;LUX;MLT;NLD;POL;PRT;ROU;SVK;SVN;ESP;SWE;GBR","Secondary","Secondary","Knowledge Transfer;Investment","Aggregate institutional data","Aggregate institutional data","Terrestrial","Europe","4/14/2020 11:23","A_Herzberger",2016,"Gamero","Birds","International (within a continent; e.g., European Union)","30","1981","2012","Annually","","Categorical","Before, During","Kinda, they look at the effect conservation programs and ag intensity have on farmland birds across the EU","Yes","no","National","","4","relative abundance effected by conservation, population growth rate by conservation, abundance by ag intensity,  migration by ag intensity ","No","Birds"
"BGR",1681,"BGR","Primary","Primary","Tourism","Field observations","Biological field observations","Terrestrial","Europe","4/30/2020 20:36","M_Lei",2017,"Ivanova","Mammals","Global (>100 countries)","1","2016","2016","Annually","","Continuous","During","Tourists，The number of photoflashes produced by tourists in a session. ","No","","Sub-national (within-country region)","","1","bat mortality","No","Mammals"
"BRA",1743,"BRA","Secondary","Primary","Tourism","Other","Biological field observations","Freshwater","South America","4/15/2020 15:35","K_Kapsar",2017,"Balduino","Fish","Unclear/unspecified","1",NA,NA,"Seasonally","","Categorical","During","Tourists","No","","Sub-national (within-country region)","","5","abundance, richness, diversity, dominance, community competition","No","Fish"
"AUS",1752,"AUS","Secondary","Primary","remove;remove","Aggregate institutional data","Biological field observations","Terrestrial","Oceania","4/29/2020 0:58","Y_Zhang",2017,"Zeeman","Plants/trees/shrubs","Sub-national (within-country region)","2","1994","2014","Unknown/Unclear","Several field data collections, unknown resoluation","Categorical","After","","No","","Sub-national (within-country region)","","1","Species occurance","No","Plants"
"IDN",1799,"IDN","Primary","Primary","Trade","Social science field surveys","Biological field observations","Terrestrial","Asia","4/6/2020 10:12","X_Wu",2017,"Harris","Birds","National","14","1998","2014","Daily","","Continuous","During","","No","","Sub-national (within-country region)","","1","Abundance","No","Birds"
"",1821,"","Secondary","Secondary","Trade","Aggregate institutional data","Aggregate institutional data","Terrestrial","North America;South America;Asia;Europe;Africa;Oceania","3/31/2020 14:43","A_Torres",2017,"Wilting","Birds, Mammals, Reptiles, Invertebrates, Plants/trees/shrubs","Intercontinental (> 2 continents)","1","2007","2007","Only for one year","","Continuous","After","Trade of goods and services","Yes","","Intercontinental (> 2 continents)","Aggregates data of mean species abundance for several taxa into one indicator","1","Mean Species Abundance per ha per year","No","Birds; Mammals; Reptiles; Invertebrates; Plants"
"",1836,"","Secondary","Secondary","Trade","Social science field surveys","Social science field observations","Terrestrial","Oceania","5/11/2020 13:34","R_Chen",2017,"Vall-llosera","Birds","Intercontinental (> 2 continents)","40","1975","2014","Annually","","Continuous","After","international trade of parrot","No","","Intercontinental (> 2 continents)","","1","number of transactions","No","Birds"
"CHN",1893,"CHN","Secondary","Primary","Tourism","Aggregate institutional data","Biological field observations","Marine","Asia","5/12/2020 12:40","R_Chen",2017,"Huang","Fish","Sub-national (within-country region)","1","2014","2014","Unknown/Unclear","only did field work one time","Continuous","After","descriptive analysis","No","","Sub-national (within-country region)","","2","richness, abundance ","No","Fish"
"MEX",2201,"MEX","Secondary","Primary","Tourism","Aggregate institutional data","Biological field observations","Terrestrial","North America","5/28/2020 16:25","A_Herzberger",2016,"Porras","Mammals","Sub-national (within-country region)","1","2008","2009","Daily","","Categorical","During","Tourism ","Yes","The considered tourism, AH, hunting and urban area on diversity","Sub-national (within-country region)","","2"," tourism v. richness; tourism v. abundance","No","Mammals"
"",2210,"","Secondary","Secondary","Trade","Social science field surveys","Social science field observations","Terrestrial","North America;South America;Asia;Europe;Africa;Oceania","5/11/2020 0:57","R_Chen",2016,"Auliya","Reptiles","International (within a continent; e.g., European Union)","1","2004","2014","Unknown/Unclear","the authors don't mention the temporal resolution","Categorical","During","trade impacts on reptile population","No","","International (within a continent; e.g., European Union)","","one","number of reptiles","No","Reptiles"
"CHL",2214,"CHL","Primary","Primary","Migration (non-human)","Social science field surveys","Social science field observations","Terrestrial","South America","5/11/2020 9:38","R_Chen",2016,"Villatoro","Mammals","National","1","2013","2014","Unknown/Unclear","once during the survey time","Categorical","During","migration","No","","Sub-national (within-country region)","","one","number of dogs","No","Mammals"
"IDN",2253,"IDN","Primary","Primary","Trade;Tourism","Field observations","Biological field observations","Marine","Asia","3/31/2020 13:59","A_Herzberger",2016,"Ferrigno","Invertebrates","Global (>100 countries)","1","2014","2014","2 months, across 18 sites ","","Continuous","During","Distance from coral reefs to fishing villages and scuba diving resorts as a proxy for human activity","Yes","measured affect ""other"" local sites as well ","Sub-national (within-country region)","","1","an index of coral quality was created from other biodiversity metrics","No","Invertebrates"
"PHL",2642,"PHL","Primary","Primary","Migration (non-human)","Field observations","Biological field observations","Freshwater","Asia","4/16/2020 15:23","K_Kapsar",2016,"Lourdes","Fish","Unclear/unspecified","1","2013","2015","Weekly","","Categorical","During","Invasive aquaculture fish","No","","Sub-national (within-country region)","","4","fish biomass, Shannon-Weiner diversity, richness, evenness","No","Fish"
"ROU",3081,"ROU","Secondary","Secondary","Investment","Social science field surveys","Social science field observations","Terrestrial","Europe","5/26/2020 17:41","R_Chen",2015,"Mikoláš","Birds","Sub-national (within-country region)","4","1985","2010","multi year","","Continuous","During","selecting logging on Capercaillie abundence","No","","Sub-national (within-country region)","","1","number of species","No","Birds"
"BRA",3112,"BRA;ROW","Primary","Primary","Tourism","Field observations","Biological field observations","Marine","South America","4/27/2020 13:31","C_Hovis",2015,"Santos","Invertebrates","Global (>100 countries)","1","2012","2012","Seasonally","","Categorical","Before, During, After","","No","","Sub-national (within-country region)","","13","presence/abundance based on taxa group","No","Invertebrates"
"BRA",3122,"BRA","Primary","Primary","Energy Transfer","Field observations","Biological field observations","Freshwater","South America","4/5/2020 8:19","E_Dean",2015,"Sa-Oliveira","Fish","Sub-national (within-country region)","8","2009","2010","Bi-monthly","","Categorical","During","","No","","Sub-national (within-country region)","","6","Abundace; biomass; species richness; alpha diversity; dominance; Bray-Curtis dissimilarity","No","Fish"
"FRA",3151,"FRA","Primary","Primary","Migration (non-human)","Field observations","Biological field observations","Freshwater","Europe","3/20/2020 0:22","M_Lei",2015,"LASNE","Fish","Sub-national ((within-country region)","18","1994","2011","Annually","","Categorical","Before, After","fish flow (The nest density and spatial distribution)","Yes","","Sub-national (within-country region)","","2","The nest density and spatial distribution","No","Fish"
"ITA",3165,"ITA","Primary","Primary","Tourism","Field observations","Biological field observations","Terrestrial","Europe","3/19/2020 22:15","X_Wu",2015,"Fenu","Plants/trees/shrubs","Sub-national ((within-country region)","1",NA,NA,"Monthly","","Categorical","After","","No","","Sub-national (within-country region)","","2","Plant density; plant fitness","No","Plants"
"IDN",3243,"IDN","Secondary","Primary","Trade","Aggregate institutional data","Social science field observations","Terrestrial","Asia","5/29/2020 12:33","A_Herzberger",2015,"Harris","Birds","International (within a continent; e.g., European Union)","1",NA,NA,"Unknown/Unclear","The did population trends over around 20 years, not always 2-","Continuous","During","Wild bird trade, domestic and to China, New Guinea etc.","No","They just mention the trade is both, they are analyzed as one","Sub-national (within-country region)","","1","mananova: groups of birds (stable/declining) v. Bird price & trade volume","No","Birds"
"MEX",3247,"MEX","Primary","Primary","Knowledge Transfer","Other","Biological field observations;Social science field observations","Terrestrial","North America","5/25/2020 23:39","M_Lei",2015,"Valencia","Plants/trees/shrubs","Sub-national (within-country region)","1","2011","2012","Seasonally","","Continuous","After","farmers’ knowledge of management practices,Preferred and disliked tree species mentioned in at least 20% of interviews","Yes","","Sub-national (within-country region)","","3","tree richness,tree density,shannon diversity","No","Plants"
"MWI",3511,"MWI","Primary","Primary","Migration (non-human)","Field observations","Biological field observations","Freshwater","Africa","4/28/2020 10:35","K_Kapsar",2014,"Bocxlaer","Invertebrates","Intercontinental (> 2 continents)","1","2004","2004","Unknown/Unclear","Sampling protocol not detailed","Continuous","During","Invasive snail morph","No","","Sub-national (within-country region)","","2","Density","No","Invertebrates"
"CHL",3697,"CHL","Primary","Primary","Trade","Field observations","Biological field observations","Terrestrial","South America","5/25/2020 17:28","Y_Zhang",2014,"Moraga","Mammals","Sub-national (within-country region)","16","2006","2010","Seasonally","","Continuous","Before, After","","No","","Sub-national (within-country region)","","1","Guanaco density","No","Mammals"
"AUS",3849,"AUS","Secondary","Primary","Tourism","Other","Biological field observations","Terrestrial","Oceania","5/25/2020 23:33","Y_Zhang",2014,"Wolf","Plants/trees/shrubs","Unclear/unspecified","2","2006","2007","Unknown/Unclear","Field work days","Continuous","After","","No","","Sub-national (within-country region)","","3","Total plant cover, non-native spcies, simpson's diversity index","No","Plants"
"MAR",4060,"MAR","Secondary","Secondary","Knowledge Transfer","Field observations","Biological field observations","Terrestrial;Freshwater","Africa","6/3/2020 15:02","A_Herzberger",2014," Kleijn","Birds","International (within a continent; e.g., European Union)","21","1985","2011","Annually","","Categorical","Before, After","","No","","Sub-national (within-country region)","","alot, im going to send an excel sheet ","waterbird abundance, richness ","No","Birds"
"NOR",4132,"NOR","Primary","Primary","Migration (non-human)","Field observations","Biological field observations","Terrestrial","Europe","3/18/2020 12:23","MG_Chung",2014,"Bjerke","Birds","Sub-national ((within-country region)","1","2011","2011","Seasonally","","Continuous","During","spring-staging pink-footed geese (as measured from the goose-dropping counts)","No","","Sub-national (within-country region)","Populations of migratory geese negatively impact available hay biomass and quality that are used for milk feed from farmers.","1","the Shannon biodiversity index of weeds","No","Birds"
"CHN",4136,"CHN","Secondary","Secondary","Trade","Social science field surveys","Social science field observations","Terrestrial","Asia","5/11/2020 11:24","R_Chen",2014,"Li","Birds","National","30","1981","2010","Annually","","Continuous","After","international trade of birds","No","","National","","1","Number of Species","No","Birds"
"USA",4155,"USA","Primary","Primary","Energy Transfer","Social science field surveys","Biological field observations","Terrestrial","North America","3/18/2020 15:10","MG_Chung",2014,"Thomas","Birds","Sub-national ((within-country region)","1","2009","2010","Annually","","Categorical","During, After","the number of oil wells (active, conventional oil-gas well)(wells/site, wells/km2)","No","","Sub-national (within-country region)","","2","species richness; species abundance","No","Birds"
"",4209,"ATA","Secondary","Primary","Migration (human)","Other","Biological field observations","Terrestrial","Antarctica","5/26/2020 11:03","Y_Zhang",2014,"Molina-Montenegro","Plants/trees/shrubs","International (within a continent; e.g., European Union)","2","2007","2009","Seasonally","","Continuous","Before, After","Visitors (tourists, scientists)","No","Visitors must be from another continent (?)","International (within a continent; e.g., European Union)","","1","Number of P. annua individuals (abundance)","No","Plants"
"ZAF",4257,"ZAF","Primary","Secondary","Trade;Species Dispersal","Field observations","Biological field observations","Freshwater","Africa","5/19/2020 12:26","X_Wu",2014,"Miranda","Invertebrates","Unclear/unspecified","2","1968","2013","Annually","","Categorical","Before, After","","No","","Sub-national (within-country region)","","1","Composition","No","Invertebrates"
"CAN",4427,"CAN","Secondary","Secondary","Migration (non-human)","Aggregate institutional data","Aggregate institutional data","Freshwater","North America","5/26/2020 17:21","R_Chen",2013,"Ellis","Birds","National","11","1998","2008","Annually","","Continuous","After","Impacts of commercial fisheries on migratory birds","No","","National","","1","number of species","No","Birds"
"AUS",4445,"AUS","Secondary","Primary","Tourism","Other","Biological field observations","Terrestrial","Oceania","5/26/2020 0:06","Y_Zhang",2013,"Wolf","Birds","Unclear/unspecified","2","2006","2007","Unknown/Unclear","Field work days","Continuous","After","","No","","Sub-national (within-country region)","","2","Number of birds, species richness","No","Birds"
"CHN",4509,"CHN","Primary","Primary","Tourism","Other","Biological field observations","Terrestrial","Asia","5/28/2020 14:58","K_Kapsar",2013,"Luo","Mammals","Unclear/unspecified","1","2003","2011","Unknown/Unclear","Census across 9 years","Categorical","During, After","Tourists","No","","Sub-national (within-country region)","","1","Species richness","No","Mammals"
"NZL",4551,"NZL","Primary","Primary","Species Dispersal","Field observations","Biological field observations","Terrestrial","Oceania","4/6/2020 15:55","X_Wu",2013,"Fukami","Plants/trees/shrubs","Unclear/unspecified","5","2002","2006","Annually","","Categorical","During","","No","","Sub-national (within-country region)","","3","alpha diversity; beta diversity; gamma diversity","No","Plants"
"NPL",4772,"NPL","Secondary","Secondary","Trade","Aggregate institutional data","Aggregate institutional data","Terrestrial","Asia","5/26/2020 17:07","R_Chen",2013,"Shrestha","Plants/trees/shrubs","Sub-national (within-country region)","11","2001","2011","Annually","","Continuous","During","impacts of trade on fungus","No","","Sub-national (within-country region)","","1","number of species","No","Plants"
"IRN",4831,"IRN","Secondary","Primary","Tourism","Other","Biological field observations","Marine","Asia","4/30/2020 19:01","K_Kapsar",2013,"Pour","Invertebrates","Unclear/unspecified","2","2009","2009","Unknown/Unclear","Two sampling events. Unclear how long they took. ","Categorical","During, After","Tourists","No","","Sub-national (within-country region)","","8","richness, density, assemblage, body size","No","Invertebrates"
"",4841,"","Secondary","Secondary","Trade;Tourism","Field observations","Biological field observations","Marine","North America;South America;Asia;Europe;Africa;Antarctica;Oceania","3/19/2020 9:52","A_Herzberger",2015,"Condon","Invertebrates","Global (>100 countries)","30","1970","2011","Annually","years","they just assume the ocean has got worse over the last 30 years","Before, During, After","general ocean degradation overtime","No","","Global (>100 countries)","","1","abundance ","No","Invertebrates"
"CHN",5125,"ROW","Primary","Primary","Tourism","Field observations","Biological field observations","Terrestrial","Asia","4/5/2020 11:50","X_Wu",2019,"Niu","Plants/trees/shrubs","Unclear/unspecified","1",NA,NA,"Unknown/Unclear","Not mention in the paper","Continuous","During","","No","","Sub-national (within-country region)","","1","Species diversity","No","Plants"
"USA",5175,"USA","Secondary","Primary","Other","Social science field surveys","Biological field observations","Terrestrial","North America","5/11/2020 20:24","E_Xing",2019,"Lewis","Birds","Sub-national (within-country region)","4","2016","2018","Annually","na","Categorical","after, 1 time, compare with other wetland","Payment for Agricultural Conservation Easement Program (ACEP)","No","na","subnational","na","2","no such data in Chinese survey","No","Birds"
"CZE",5314,"CZE","Secondary","Secondary","Trade","Aggregate institutional data","Aggregate institutional data","Terrestrial","Europe","4/30/2020 17:31","Y_Zhang",2018,"Reif","Birds","National","2","1993-2004","2005-2017","Annually","","Continuous","Before, After","","No","","National","","1","Bird population abundance","No","Birds"
"MEX",5746,"MEX","Primary","Primary","Species Dispersal","Field observations","Biological field observations","Freshwater","North America","5/19/2020 20:24","X_Wu",2012,"Villamagna","Birds","Unclear/unspecified","6","2006","2008","Seasonally","","Continuous","During","","No","","Sub-national (within-country region)","","4","Density, species richness, Simpson's index, species composition","No","Birds"
"SLB",5844,"SLB","Secondary","Primary","Trade","Other","Biological field observations","Marine","Oceania","5/15/2020 14:32","E_Dean",2012,"Brewer","Fish","Sub-national (within-country region)","1","2004","2004","Monthly","","Continuous","During","Human population density (people per sq. km of the coral reef), socioeconomic development (sum of un-weighted infrastructures and amenities), market access (un-weighted sum of the shortest distance from each ecological sampling location to the nearest local fish market, provincial capital, and national capital using roads and sea as routes as distance measures)","Yes","","Sub-national (within-country region)","","8","Species richness; species evenness; average taxonomic distinctness (AvTD); variation in taxonomic distinctness (VarTD); all herbivores; non-target herbivores; all piscivores; non-target piscivores","No","Fish"
"ITA",5926,"ITA","Primary","Primary","Tourism","Field observations","Biological field observations","Marine","Europe","5/28/2020 17:01","K_Kapsar",2011,"Harriague","Invertebrates","Unclear/unspecified","2","2006","2007","Unknown/Unclear","Two sampling events","Categorical","Before, During","Tourist vessels in harbor","No","","Sub-national (within-country region)","","4","abundance, biomass, species richness, ecological integrity","No","Invertebrates"
"MYS",6195,"MYS","Primary","Primary","Investment","Field observations","Biological field observations","Terrestrial","Asia","5/25/2020 23:02","M_Lei",2011,"Azhar","Birds","Sub-national (within-country region)","1","2009","2009","Annually","","Continuous","After","natural forest prior to conversion to oil palms.","No","","Sub-national (within-country region)","","1","birds richness","No","Birds"
"",6315,"","Secondary","Secondary","Trade","Field observations","Biological field observations","Terrestrial","Unclear/unknown","5/12/2020 0:58","R_Chen",2011,"Burn","Mammals","Global (>100 countries)","8","2002","2009","Unknown/Unclear","don't mentioned","Continuous","After","ivory trade","No","","Intercontinental (> 2 continents)","","1","poaching index","No","Mammals"
"BRA",6321,"BRA","Primary","Primary","Tourism","Social science field surveys","Biological field observations","Marine","South America","5/13/2020 0:05","E_Xing",2011,"SARMENTO","Invertebrates;Plants","Sub-national (within-country region)","1","2009","2009","Other","one time","Continuous","compare two kinds of sites","tourism","No","na","subnational","na","3","no such data in Chinese survey","No","Invertebrates;Plants"
"BRA",6331,"BRA","Primary","Primary","Trade","Field observations","Biological field observations","Terrestrial","South America","3/31/2020 15:41","A_Herzberger",2011,"Vibrans","Plants/trees/shrubs","Global (>100 countries)","1","2007","2008","Unknown/Unclear","1 type period, comparing sites with disturbance","Categorical","","Logging, livestock and control ","No","","Sub-national (within-country region)","","2","species richness, regeneration ","No","Plants"
"USA",6493,"USA","Secondary","Primary","remove","Remote sensing","Biological field observations","Terrestrial","North America","3/20/2020 10:30","MG_Chung",2011,"Suarez-Rubio","Birds","Sub-national ((within-country region)","1","2006","2006","Seasonally","","Categorical","After","comparison between forests (reference) and exurban development sites","No","","Sub-national (within-country region)","","2","a multi-response permutation procedure (MRPP); species abundance","No","Birds"
"USA",6511,"","Primary","Primary","Species Dispersal","Field observations","Biological field observations","Terrestrial","North America","4/21/2020 11:50","C_Hovis",2011,"Gleditsch","Birds","Intercontinental (> 2 continents)","1","2009","2009","Seasonally","","Continuous","After","Invasive species abundance (Honeysuckle)","No","","Sub-national (within-country region)","Bird spp reported as negatively correlated with invasive spp had an r2 0.047 and 0.018 but I believe these spp were negatively correlated with the NMS axis related to the invasive spp presence","6","Bird abundance for six spp","No","Birds"
"BRA",6948,"BRA","Secondary","Primary","Tourism","Aggregate institutional data","Biological field observations","Terrestrial;Marine","South America","4/30/2020 21:43","Y_Zhang",2010,"Hvenegaard","Birds","Unclear/unspecified","67","2004","2004","Daily, Use explicit survey days","","Continuous","Before, After","Number of tourists","No","","Sub-national (within-country region)","","1","[Log of ] Number of shorebirds by species","No","Birds"
"BRA",813,"BRA","Secondary","Primary","Trade;Species Dispersal","Aggregate institutional data","Biological field observations","Marine","South America","5/29/2020 22:49","Y_Li",2018,"Mantelatto","Plants/trees/shrubs","Sub-national (within-country region)","1","2017","2017","Annually","","Continuous","","invasive species via trade","No","","Sub-national (within-country region)","","1","abundance","No","Plants"
"",2222,"","Secondary","Secondary","Trade","Aggregate institutional data","Aggregate institutional data","Terrestrial","Unclear/unknown","3/20/2020 10:47","Y_Li",2016,"Nishijima","Birds","Global (>100 countries)","4","2000","2004","Annually","","Continuous","","wood trade. (ps: ""how do they quantify it"" is confusing here)","Unclear/Uncertain","if it is about trade among all counties, what coupling should it be?","Sub-national (within-country region)","","1","bird extinction risks (a repeat question, as this has been asked in survey #1)","No","Birds"
"BRA",292,"BRA","Primary","Primary","Species Dispersal","Field observations","Biological field observations","Freshwater","South America","4/1/2020 15:48","A_Herzberger",2019,"NOBRE","","Sub-national ((within-country region)","8","2010","2013","Seasonally","","Categorical","Before, After","introduction of Astyanax bimaculatus to a previous fishless lake after a mine opended","No","","Sub-national (within-country region)","","4","species richness, abundance, community assemblage ","No","Fish"
"ETH",332,"ETH","Secondary","Secondary","Water Transfer","Aggregate institutional data","Biological field observations","Freshwater","Africa","3/19/2020 15:29","A_Herzberger",2019,"Wagaw","Birds, Fish","Sub-national ((within-country region)","4","1980","2016","Unknown/Unclear, They have collected others peoples datasets, and give populations at times when other studies reported it","They have lots of data sets at different times","Continuous","Before, During, After","water extraction for soda ash production, mineral and sand extraction, irrigation, and degradation from livestock","Yes","","Sub-national (within-country region)","","2","fishery collapse, # of waterfowl, ","No","Birds; Fish"
"AUT;BEL;BGR;HRV;CYP;CZE;DNK;EST;FIN;FRA;DEU;GRC;HUN;IRL;ITA;LVA;LTU;LUX;MLT;NLD;POL;PRT;ROU;SVK;SVN;ESP;SWE;GBR",2546,"AUT;BEL;BGR;HRV;CYP;CZE;DNK;EST;FIN;FRA;DEU;GRC;HUN;IRL;ITA;LVA;LTU;LUX;MLT;NLD;POL;PRT;ROU;SVK;SVN;ESP;SWE;GBR","Secondary","Secondary","Knowledge Transfer","Aggregate institutional data","Aggregate institutional data","Terrestrial","Europe","4/1/2020 15:23","A_Herzberger",2015,"Sanderson","Birds","International (within a continent; e.g., European Union)","2","1980","2012","short term 2001-2012; long-term 1980-2012","","Categorical","During","bird is classified in annex I or not by EU conservation directive","No","","International (within a continent; e.g., European Union)","","5","habitat association; migration strategy; reproduction; population short-term trend, population long-term trend","No","Birds"
"USA",4087,"USA","Primary","Primary","Knowledge Transfer","Field observations","Biological field observations","Terrestrial;Freshwater","North America","3/18/2020 15:23","A_Herzberger",2012,"Randall","Birds","Sub-national ((within-country region)","13","1995","2007","Annually","","Categorical","Before, After","state conservation program","No","","Sub-national (within-country region)","","1","bird density","No","Birds"
"ESP",5486,"ESP","Secondary","Primary","Tourism","Field observations","Biological field observations","Marine","Europe","3/19/2020 10:43","A_Herzberger",2018,"Urra","Invertebrates","Sub-national ((within-country region)","4","2004","2005","Seasonally","","Categorical","Before, During, After","harvest of mollusks during tourist season ","No","","Sub-national (within-country region)","","1","abundance","No","Invertebrates"
"BRA",5875,"BRA","Primary","Primary","Trade","Field observations","Biological field observations","Marine","South America;Africa","3/26/2020 16:18","A_Herzberger",2012,"Fiedler","Reptiles","Global (>100 countries)","5","2002","2008","Annually","","Categorical","During","Driftnet fisheries by catch sea turtle ","No","","Intercontinental (> 2 continents)","","2","capture rate, capture composition ","No","Reptiles"
"BRA",5905,"BRA","Primary","Primary","Tourism","Field observations","Biological field observations","Marine","South America","3/20/2020 10:27","A_Herzberger",2012,"Sarmento","Invertebrates","Sub-national ((within-country region)","1","2009","2009","5 replicates at 1 time","","Categorical","Before, During, After","trampling of reef habitat by tourists","No","","Sub-national (within-country region)","","4","reef temperature; reef height; reef weight; species richness; diversity;  community assemblage","No","Invertebrates"
"IDN",5477,"IDN","Secondary","Primary;Secondary","Trade","Other","Social science field observations;Remote sensing;Aggregate institutional data","Marine","Asia;Europe;Oceania","4/10/2020 16:05","A_Herzberger",2018,"Symes","Birds","Intercontinental (> 2 continents)","2","2000","2015","Annually","","Categorical","During","exploitation and habitat loss (driven by wildlife trade, agriculture)","Yes","they discuss the different sources of exploitation and habitat loss","Intercontinental (> 2 continents)","","1","habitat loss","No","Birds"
"CAN",357,"CAN","Primary","Primary","Tourism","Other","Biological field observations","Terrestrial","North America","3/18/2020 20:15","A_Torres",2019,"Lomas","Reptiles","Sub-national ((within-country region)","6","2006","2012","every 2-3 days during the active season (April-October)","","Categorical","After","Tourism (among other factors) seems to have led to habitat disturbance, though tourism is not quantified in any way","No","","Sub-national (within-country region)","I included the paper because the authors say that the explanatory variable (habitat disturbance) is primarily linked with tourism (golf course, campground, hiking trails, roads, parking lots, vineyards, condominium complex), but such link is not thoroughly discussed nor quantified.","5","home range (Kernel Density); home range (minimum convex polygon); Core area size; Range length; Maximum distance traveled from hibernacula","No","Reptiles"
"CHN",2670,"CHN","Primary","Primary","Tourism","Field observations","Biological field observations","Freshwater","Asia","4/16/2020 18:24","A_Torres",2016,"Cao","Invertebrates","Unclear/unspecified","1","2013","2013","Seasonally","","Continuous","During","Tourism stress","No","","Sub-national (within-country region)","","2","Taxa richness; Ephemeroptera, Plecoptera, and Trichoptera (EPT) richness","No","Invertebrates"
"IND",6254,"IND","Primary","Primary","Tourism","Field observations","Biological field observations","Terrestrial","Asia","4/29/2020 16:32","A_Torres",2011,"Seshadri","Mammals, Reptiles, Amphibians, Invertebrates","Sub-national (within-country region)","2","2008","2009","Annually","","Continuous","Before, During","Increased traffic due to religious tourism","No","","Sub-national (within-country region)","","8","mortality-diurnal-habitat1;mortality-diurnal-habitat2;mortality-diurnal-habitat3;mortality-diurnal-habitat4;mortality-nocturnal-habitat1;mortality-nocturnal-habitat2;mortality-nocturnal-habitat3;mortality-nocturnal-habitat4","No","Mammals; Reptiles; Amphibians; Invertebrates"
"EST",3335,"EST;RUS;ROW","Secondary","Primary;Secondary","remove;remove","Other","Biological field observations;Aggregate institutional data","Freshwater","Europe","4/27/2020 12:29","C_Hovis",2015,"Ginter","Fish","Intercontinental (> 2 continents)","22","1990","2012","Annually","","Categorical","Before, During, After","","No","","Intercontinental (> 2 continents)","Intercontinental might not be the correct classification since this is a transboundary and could be considered a telecoupling, look at co-occurence of size-selective harvest and climate change since two cannot be de-coupled","2","size and co-hort abund","No","Fish"
"ESP",4850,"ESP","Primary","Primary","Species Dispersal","Field observations","Biological field observations","Terrestrial","Europe","4/27/2020 16:08","C_Hovis",2013,"Arizaga","Birds","Unclear/unspecified","1","2011","2011","Seasonally","","Categorical","Before, After","invasive spp","No","","Sub-national (within-country region)","","1","diversity indes","No","Birds"
"ESP",3484,"ESP;ROW","Primary","Primary","Tourism","Field observations","Biological field observations","Marine","Europe","4/27/2020 17:45","C_Hovis",2015,"Reyes-Martinez","Invertebrates","Sub-national (within-country region)","15","2011","2011","Hourly","","Continuous","Before, After","# tourists/visitors","No","","Sub-national (within-country region)","","4","assemblage density; richness; diversity; comm comp","No","Invertebrates"
"BHS",4063,"BHS;ROW","Primary","Primary","Tourism","Field observations","Biological field observations","Marine","North America","4/29/2020 17:30","C_Hovis",2014,"Sealey","Plants/trees/shrubs","Global (>100 countries)","1","2002","2012","Annually","","Continuous","Before, During, After","Human impact rank related to tourism","No","","Sub-national (within-country region)","","4","number of spp, margalef index, shannon, assemblage","No","Plants"
"THA",2998,"THA","Primary","Primary","Energy Transfer","Field observations","Biological field observations","Freshwater","Asia","4/5/2020 7:52","E_Dean",2015,"Phomikong","Fish","Sub-national (within-country region)","18","2009","2010","18 sampling trips between Aug 2009 - June 2010","","Categorical","Before, During, After","Used the environmental effect of dams as a proxy for the effects of hydropower on fish communities?","No","","Sub-national (within-country region)","","4","Cumulative species richness; average species richness; Shannon-Wiener diversity index; abundance-biomass","No","Fish"
"AUS",3868,"AUS","Primary","Primary","Tourism","Field observations","Biological field observations","Terrestrial","Oceania","4/5/2020 16:30","E_Dean",2014,"de Bie","Plants/trees/shrubs","Sub-national (within-country region)","2","2001","2011","Annually","","Categorical","During","No ""flow"" identified","No","","Sub-national (within-country region)","","1","Exotic species richness","No","Plants"
"USA;CAN",6502,"CAN;USA","Secondary","Secondary","Trade","Aggregate institutional data","Biological field observations","Terrestrial","North America","4/5/2020 17:20","E_Dean",2011,"Nocera","Birds","International (within a continent; e.g., European Union)","3",NA,NA,"Unknown/Unclear","The study used datasets over 40 year period, but I do not know the temporal resolution of that data.","Continuous","After","Import and export of beef; amount of hay harvested","Yes","","International (within a continent; e.g., European Union)","","21","Relative abundance of bird species","No","Birds"
"CYP",2704,"CYP","Secondary","Primary","remove","Remote sensing","Biological field observations","Terrestrial","Oceania","3/19/2020 10:05","E_Dean",2016,"Mammides","Birds","Sub-national ((within-country region)","1","2012","2012","Seasonally","","Continuous","During","Total length of roads, distance to nearest agricultural field, human population size","No","","Sub-national (within-country region)","Regression models - counts?","5","Total species richness; richness of passage migrants; richness of resident breeders; richness of species with increasing global population trends; richness of species with stable global population trends; richness of species with decreasing global population trends","Yes","Birds"
"ECU",339,"ECU","Primary","Primary","Trade","Social science field surveys","Biological field observations","Terrestrial","South America","4/14/2020 12:03","E_Dean",2013,"Oldekop","Amphibians, Plants/trees/shrubs","Sub-national (within-country region)","1",NA,NA,"Unknown/Unclear","Study did not outline how often data was collected","Categorical","During","Trade was quantified as market access, categorizing areas into ""remote"" (less market access) and ""non-remote"" (more market access). Presence/absence of community rules/sanctions regulating land use (governing of trade) could not be quantified and related to biodiversity.","No","","Sub-national (within-country region)","","2","Fern species richness; leaf litter frog species richness","No","Amphibians; Plants"
"CAN",3772,"CAN","Secondary","Primary","Energy Transfer","Other","Biological field observations","Freshwater","North America","4/28/2020 11:20","K_Kapsar",2014,"McDermid","Fish","Sub-national (within-country region)","4","1940","2010","Decadally","","Categorical","Before, During","Dam","No","","Sub-national (within-country region)","","7","Observed heterozygosity; allellic richness; coefficient of inbreeding; pairwise divergence; relatedness; effective population size","No","Fish"
"PRT",3989,"PRT","Secondary","Primary","Tourism","Other","Biological field observations","Marine","Europe","4/28/2020 13:20","K_Kapsar",2014,"Bessa","Invertebrates","Unclear/unspecified","2","1999","2011","Monthly, Seasonally","","Categorical","During","Tourists","No","","Sub-national (within-country region)","","6","density (3 spp); richness; Shannon-Weiner index; community structure","No","Invertebrates"
"CHN",4552,"CHN","Primary","Primary","Tourism","Social science field surveys","Biological field observations","Terrestrial","Asia","4/29/2020 13:55","K_Kapsar",2013,"Zhou","Mammals","Unclear/unspecified","1","2007","2007","Seasonally","","Ordinal","During","","No","","Sub-national (within-country region)","","1","fieldsign abundance","No","Mammals"
"SVK;POL",897,"POL","Secondary","Primary","Tourism","Other","Biological field observations;Aggregate institutional data","Terrestrial","Europe","3/19/2020 23:41","M_Lei",2018,"Czortek","Invertebrates, Plants/trees/shrubs","Sub-national ((within-country region)","144","1872","2016","Unknown/Unclear","Three data periods: 1872–1969; 1960–2016;  Augest 2016","Continuous","During","1600 climbers(statistics)","No","","Sub-national (within-country region)","","2","species richness; diversity","No","Invertebrates; Plants"
"BRA",379,"BRA","Primary;Secondary","Primary;Secondary","Species Dispersal","Other","Biological field observations;Aggregate institutional data","Marine","South America","4/28/2020 16:37","M_Lei",2019,"Moraes","Invertebrates","Sub-national (within-country region)","6","2008","2016","Annually","","Continuous","During","Bioeroding sponge richness and abundance","No","","Sub-national (within-country region)","","2","Bioeroding sponge richness and abundance","No","Invertebrates"
"BRA",45,"","Secondary","Secondary","Trade","Other","Aggregate institutional data","Terrestrial","South America","3/15/2020 22:29","MG_Chung",2019,"Green","Birds, Mammals, Amphibians, Plants/trees/shrubs","Global (>100 countries)","2","2000","2010","Annually","","Continuous","Before, During","Soybean trade","No","","Sub-national (within-country region)","","1","species-by-species losses of suitable habitat","No","Birds; Mammals; Amphibians; Plants"
"ESP",654,"ESP","Primary","Primary","Tourism","Field observations","Biological field observations","Terrestrial","Europe","3/16/2020 12:54","MG_Chung",2018,"Antonio Donazar","Birds","Sub-national ((within-country region)","1","2014","2014","Daily","","Continuous","During","the number of vehicles in protected areas as most of visitors access the park by motor vehicle","No","","Sub-national (within-country region)","","1","the number of scavenger species recorded daily","No","Birds"
"BRA;PRY;ARG;BOL;URY",5966,"BRA;PRY;ARG;BOL;URY","Secondary","Secondary","Water Transfer","Aggregate institutional data","Aggregate institutional data","Freshwater","South America","3/19/2020 15:21","MG_Chung",2012,"Vitule","Fish","International (within a continent; e.g., European Union)","2",NA,NA,"Annually","","Categorical","Before, After","changes in biotic homogenization of fish fauna/assemblages caused by the elimination of a natural barrier due to dam construction, aquaculture, and aquarium trade","No","","International (within a continent; e.g., European Union)","","2","Jaccard's coefficient; Whittaker's beta biodiversity index","No","Fish"
"BLR;UKR",6396,"BLR;UKR","Primary","Primary","Waste Transfer","Field observations","Biological field observations","Freshwater","Europe","3/19/2020 16:37","MG_Chung",2011,"Murphy","Invertebrates","International (within a continent; e.g., European Union)","1","2003","2004","Annually","","Continuous","After","radiation exposure (137Cs activity concentration) after Chernobyl accident","No","","Sub-national (within-country region)","","4","abundance of individuals; taxon richness; Berger-Parker dominance; Shannon-Wiener diversity","No","Invertebrates"
"DEU",2606,"DEU","Primary","Primary","Tourism","Field observations","Biological field observations","Terrestrial","Europe","3/19/2020 21:51","X_Wu",2016,"Seer","Plants/trees/shrubs","Sub-national ((within-country region)","3","2011","2013","Annually","","Categorical","After","","No","","Sub-national (within-country region)","","3","Species richness; species coverage; plant community classes","No","Plants"
"PYF",6845,"PYF","Primary","Primary","Tourism","Field observations","Biological field observations","Marine","Oceania","3/19/2020 22:27","X_Wu",2010,"Juhasz","Invertebrates","Sub-national ((within-country region)","1",NA,NA,"Daily","","Categorical","After","","No","","Sub-national (within-country region)","","1","Species abundence","No","Invertebrates"
"SWE",992,"SWE","Secondary","Primary","Species Dispersal","Field observations","Biological field observations","Freshwater","Europe","4/5/2020 16:01","X_Wu",2018,"Johnson","Invertebrates","Unclear/unspecified","1",NA,NA,"Monthly","","Continuous","During","","No","","Sub-national (within-country region)","","1","Species composition","No","Invertebrates"
"USA",2345,"USA","Primary","Primary","Trade;Energy Transfer","Remote sensing","Biological field observations","Terrestrial","North America","4/5/2020 16:36","X_Wu",2016,"Farwell","Birds","Unclear/unspecified","8","2008","2015","Daily","","Continuous","During","","No","","Sub-national (within-country region)","This paper is about shale gas, so I chose trade and enegy transfer as external process.","1","Species richness","No","Birds"
"TZA",5853,"TZA","Primary","Primary","Trade","Social science field surveys","Biological field observations","Terrestrial","Africa","4/5/2020 17:29","X_Wu",2012,"Flecks","Reptiles","Intercontinental (> 2 continents)","1","2009","2009","Annually","","Categorical","During","","No","","Sub-national (within-country region)","","1","Population","No","Reptiles"
"DEU;NLD;BEL;HUN;AUT;SVK;LUX;FRA",4393,"DEU;NLD;BEL;HUN;AUT;SVK;LUX;FRA","Secondary","Secondary","Trade;Species Dispersal","Aggregate institutional data","Aggregate institutional data","Freshwater","Europe","4/6/2020 11:09","X_Wu",2013,"Hanafiah","Fish","International (within a continent; e.g., European Union)","1","1992","2009","Unknown/Unclear","The data is secondary data.","Categorical","During","","No","","International (within a continent; e.g., European Union)","","1","Species richness","No","Fish"
"ATA",5309,"ATA","Primary","Primary","Tourism","Field observations","Biological field observations","Terrestrial","Antarctica","4/6/2020 11:53","X_Wu",2019,"Dunn","Birds","Intercontinental (> 2 continents)","21","1996","2017","Annually","","Continuous","During","","No","","International (within a continent; e.g., European Union)","","1","Population","No","Birds"
"BOL",6820,"BOL","Primary","Primary","Tourism","Remote sensing","Biological field observations","Terrestrial","North America","4/6/2020 16:45","X_Wu",2010,"Young","Birds","Unclear/unspecified","2","2006","2007","Daily","","Categorical","During","","No","","Sub-national (within-country region)","","1","Population","No","Birds"
"",92,"CHN","Primary","Primary","Trade","Field observations","Biological field observations","Terrestrial","Asia","3/20/2020 7:24","Y_Dou",2019,"Wang","Amphibians","Sub-national ((within-country region)","15","2014","2018","Monthly","","Categorical","During","categorical disturbances","No","","Sub-national (within-country region)","","2","species richness; species abundance","No","Amphibians"
"AUS",84,"AUS;ROW","Primary","Primary","Trade","Field observations","Biological field observations","Terrestrial","Oceania","4/29/2020 13:19","C_Hovis",2019,"Lindenmayer","Birds","Global (>100 countries)","1","2004","2014","Annually","","Categorical","After","Logging ","No","","Sub-national (within-country region)","LOTS OF METRICS, TOO MANY?, AM I DOING THIS WRONG? reports apparent occupancy, does not consider detectability","162","functional trait and logging, spp richness (2 logging times), apparent occupancy by spp (2 logging times), apparent occupancy by spp with fire (2 logging times)","Yes","Birds"
"",227,"","Secondary","Secondary","Trade","Aggregate institutional data","Aggregate institutional data","Not specified/Global study","North America;South America;Asia;Europe;Africa;Oceania","4/16/2020 11:45","Y_Zhang",2019,"Marquardt","Not specified/global study","Global (>100 countries)","2","2009","2016","Unknown/Unclear","Found in supplementary material, the data are secondary (from other studies) - one in 2009, one in 2016, temporal resolutions are unclear","Not specified, use household expenditure and population density as variables","After","Not specified, inferred only","No","","Global (>100 countries)","","4","mean species abundance, relative abundance, relative within-sample species richness, vulnearbility-weighted global relative species","No","Other"
"BRA",425,"BRA","Primary","Primary","Tourism","Field observations","Biological field observations","Terrestrial;Marine","South America","4/28/2020 22:26","Y_Zhang",2019,"Costa","Invertebrates","Unclear/unspecified","2","2017","2018","Unknown/Unclear","Several field days","Continuous","Before, After","Urbanization index and percentage of fine sediment","No","","Sub-national (within-country region)","","1","Single species abundance","No","Invertebrates"
"SWE",466,"SWE","Secondary","Primary","Water Transfer","Other","Biological field observations","Freshwater","Europe","4/28/2020 22:54","Y_Zhang",2011,"Bejarano","Plants/trees/shrubs","Sub-national (within-country region)","2","2006","2009","Unknown/Unclear","","Categorical","After","Water flow (impact from dams)","No","","Sub-national (within-country region)","","2","Number of trees; number of shrubs","No","Plants"
"CAF",5756,"CAF;ROW","Primary","Primary","Trade;Migration (human)","Other","Biological field observations","Terrestrial","Africa","4/30/2020 12:40","C_Hovis",2012,"Remis","Mammals","Unclear/unspecified","2","1994","2009","Seasonally","","Continuous","Before, After","","No","","Sub-national (within-country region)","Unclear if migrants/demand for meat comes from outside the country/continent","7","groups/km, spp comp","No","Mammals"
"USA",4760,"USA;ROW","Primary","Primary","Tourism","Field observations","Biological field observations","Terrestrial;Freshwater","North America","4/30/2020 13:01","C_Hovis",2013,"Sada","Invertebrates","Global (>100 countries)","1","2006","2007","Seasonally","","Categorical","Before, After","Music festival activity","No","","Sub-national (within-country region)","study took place in nevada, playas are seasonally flooded and this is crucial for the life history of the organism, wasn't sure if I should tag as freshwater or terrestrial so I put both","2","egg density for two spp","No","Invertebrates"
"FIN",4020,"FIN","Secondary","Primary","Tourism","Other","Biological field observations","Terrestrial","Europe","4/30/2020 14:57","Y_Zhang",2014,"Huhta","Birds","Sub-national (within-country region)","2","2004","2006","Unknown/Unclear","Involving field work days","Categorical","After","Tourists (implied)","No","","Sub-national (within-country region)","","1","Bird abundance","No","Birds"
"AUS",4293,"AUS","Secondary","Primary","Tourism","Other","Biological field observations","Terrestrial","Oceania","4/30/2020 15:37","Y_Zhang",2014,"Ballantyne","Plants/trees/shrubs","Sub-national (within-country region)","2","2003","2013","Unknown/Unclear","Involves field work days","Unclear number of tourists","After","Tourists in hiking trails","No","","Sub-national (within-country region)","","1","Abundance","No","Plants"
"",523,"","Secondary","Secondary","Migration (human)","Aggregate institutional data","Aggregate institutional data","Marine","North America;South America;Asia;Europe;Africa;Antarctica","4/30/2020 16:14","M_Lei",2018,"Kouvari","Mammals","Intercontinental (> 2 continents)","5",NA,NA,"Unknown/Unclear","we divide insular extinctions in five bins, being Late Pleistocene (125–10 ka), Early Holocene (10.0–8.2 ka), Middle Holocene (8.2–4.2 ka), Late Holocene (4.2–0.5 ka), and Modern Era (500 years ago till today) ","Continuous","During","first human arrival","Unclear/Uncertain","It doesn't mention where people come from in this paper","Intercontinental (> 2 continents)","","1","extinct taxa","No","Mammals"
"RUS",5773,"RUS","Primary","Primary","Tourism","Field observations","Biological field observations","Terrestrial","Asia","4/30/2020 16:38","K_Kapsar",2012,"Chepinoga","Plants/trees/shrubs","Unclear/unspecified","1","2009","2009","Unknown/Unclear","Single time period","Continuous","During","Tourists","No","","Sub-national (within-country region)","","1","species richness","No","Plants"
"IND",2050,"IND","Primary","Primary","Species Dispersal","Field observations","Biological field observations","Terrestrial","Asia","4/30/2020 16:48","M_Lei",2017,"NAUDIYAL","Plants/trees/shrubs","Sub-national (within-country region)","1",NA,NA," there is no year provided","","Continuous","During","The article divides human behavior into three categories, based on how much plants are harmed","Yes","","Sub-national (within-country region)","","1","Vegetation diversity, shannon diversity index","No","Plants"
"ESP",5782,"ESP","Primary","Primary","Knowledge Transfer","Field observations","Biological field observations","Terrestrial","Europe","4/30/2020 17:00","K_Kapsar",2012,"Martin","Birds","Unclear/unspecified","2","1998","2008","Unknown/Unclear","","Continuous","Before, During","Agri-environmental policy","No","","Sub-national (within-country region)","","1","Percent change in population size","No","Birds"
"USA",5063,"USA","Secondary","Primary","Migration (human)","Aggregate institutional data","Biological field observations","Terrestrial","North America","4/30/2020 17:10","Y_Zhang",2019,"Warren","Birds","Sub-national (within-country region)","2","2006-2008","2011-2013","Unknown/Unclear","Field work days involved","Continuous","Before, After","Urbanization between two study years","No","","Sub-national (within-country region)","","3","Richness, occupancy, abundance","No","Birds"
"AUS",396,"AUS","Secondary","Secondary","Tourism","Aggregate institutional data","Aggregate institutional data","Terrestrial","Oceania","4/30/2020 17:13","M_Lei",2019,"Wraith","Plants/trees/shrubs","Global (>100 countries)","1","2018","2018","Annually","","Continuous","During","tourism and grazing, Get the data through the report: number of threatened species","Yes","","Sub-national (within-country region)","","1","orchids richness ","No","Plants"
"BWA;ZAF;ZWE",2284,"BWA;ZAF;ZWE","Secondary","Secondary","Tourism","Aggregate institutional data","Aggregate institutional data","Terrestrial","Africa","4/30/2020 17:29","M_Lei",2016,"Selier","Mammals","Global (>100 countries)","7","2000","2012","(2000, 2001, 2004, 2007, 2008, 2010 and 2012)","","Continuous","After"," tourism,Number of tourists who travel to a country other than that in which they have their usual residence","Yes","","National","","1","tourist numbers","No","Mammals"
"ITA",5076,"ITA","Secondary","Primary","Trade","Aggregate institutional data","Biological field observations","Terrestrial","Europe","4/30/2020 18:03","Y_Zhang",2018,"Assandri","Birds","Sub-national (within-country region)","2","2017","2017","Unknown/Unclear","Three visits/surveys during breeding seasons","Continuous","After","Agriculture (EU CAP policy)","No","","Sub-national (within-country region)","","1","Richness","No","Birds"
"GRC",80,"GRC","Secondary","Primary","Investment","Remote sensing","Biological field observations","Terrestrial","Europe","4/30/2020 18:34","M_Lei",2019,"Krawczyk","Birds, Reptiles","Sub-national (within-country region)","1","2016","2016","Annually","","Categorical","After","Investment(building and road)","No","","Sub-national (within-country region)","","2","bird and reptile abundance","No","Birds; Reptiles"
"IND",708,"IND","Primary","Primary","Trade","Field observations","Biological field observations","Freshwater","Asia","4/30/2020 19:27","M_Lei",2018,"Raghavan","Fish","Sub-national (within-country region)","30",NA,NA,"Monthly","","Continuous","After","unmanaged harvests, no quantify","No","","Sub-national (within-country region)","","2","unmanaged harvests for the aquarium trade","No","Fish"
"AUS",4832,"AUS","Primary","Primary","Trade","Field observations","Biological field observations","Terrestrial","Oceania","4/30/2020 21:27","M_Lei",2013,"SILCOCK","Plants/trees/shrubs","Sub-national (within-country region)","1","2010","2010","Unknown/Unclear","","Continuous","During","grazing, a control group was set up","No","","Sub-national (within-country region)","","2","richness and abundance","No","Plants"
"IDN",2402,"IDN","Primary","Primary","Investment","Field observations","Biological field observations","Terrestrial","Oceania","5/11/2020 10:04","R_Chen",2016,"Tata","Plants/trees/shrubs","Sub-national (within-country region)","2","2014","2014","Seasonally","2 times","Continuous","During","domestication ","No","","Sub-national (within-country region)","","1","growth rate of trees","No","Plants"
"CHN",2504,"CHN","Primary","Primary","Migration (human)","Field observations","Biological field observations","Freshwater","Asia","5/11/2020 10:33","R_Chen",2016,"Dronova","Birds","Sub-national (within-country region)","1","2006","2006","Daily","","Categorical","During","count the waterbirds","No","","Sub-national (within-country region)","","1","number of waterbirds","No","Birds"
"DEU",6348,"DEU","Primary","Primary","Technology Transfer","Field observations","Biological field observations","Freshwater","Europe","5/11/2020 12:22","R_Chen",2011,"Sundermann","Invertebrates","Sub-national (within-country region)","2","2007","2008","Annually","annual","Continuous","During","no peri or telecoupled flow","No","","Sub-national (within-country region)","","1","Number of available benthic invertebrate samples","No","Invertebrates"
"USA",854,"USA","Primary","Primary","Investment","Remote sensing","Remote sensing","Terrestrial","North America","5/11/2020 13:22","R_Chen",2018,"Yi","habitat","Sub-national (within-country region)","2","1984","2010","Unknown/Unclear","multi years","Continuous","During","using InVEST model","No","","Sub-national (within-country region)","","1","Habitat quality index","No","habitat"
"CHN",3790002,"CHN","Primary","Primary","Tourism","Field observations","Biological field observations","Terrestrial","Asia","5/12/2020 12:01","R_Chen",2019,"Liu","Plants/trees/shrubs","Sub-national (within-country region)","1",NA,NA,"Unknown/Unclear","not mentioned","Continuous","After","established a regression model to explain the relationship between human interference and abun-dance of bryophytes in the five sinkholes,","No","","Sub-national (within-country region)","","1","number of species","No","Plants"
"IND",4207,"IND","Secondary","Primary","remove","Social science field surveys","Biological field observations","Terrestrial","Asia","5/12/2020 16:57","R_Chen",2017,"Goswami","Mammals","Sub-national (within-country region)","1","2008","2008","Annually","","Continuous","After","how conflict affect biodiversity","No","","Sub-national (within-country region)","","1","density of animals","No","Mammals"
"ZAF",44,"ZAF","Secondary","Secondary","Other","Social science field surveys","Biological field observations;Remote sensing","Terrestrial","Africa","3/19/2020 13:14","E_Xing",2019,"Mokotjomela","Plants","Sub-national (within-country region)",NA,NA,NA,"Other","na","Categorical","1","Biodiversity Economy Strategy at South Africa","No","na","subnational","na","1","no such data in Chinese survey","No","Plants"
"THA",3485,"THA","Secondary","Primary","Tourism","Other","Biological field observations","Marine","Asia","4/16/2020 1:17","E_Xing",2015,"Hein","Other","Sub-national (within-country region)","1","2013","2013","Other","na","Categorical","after","high-useor low-use sites of dive tourism according to sedimentation, diving pressure, snorkelling pressure, waste-water run-off, and boat traffic","No","na","subnational","na","6","no such data in Chinese survey","No","Other"
"FRA;ESP",3668,"USA;ESP;FRA","Other","Primary","Species Dispersal","Other","Biological field observations","Freshwater","Europe","4/16/2020 2:12","E_Xing",2015,"Meyer","Reptiles;Amphibians","Intercontinental (>2 continents)","1",NA,NA,"Other","na","Categorical","after","red-eared slider turtle exported from USA to Europe","Yes","na","international 1 continent","na","1","no such data in Chinese survey","No","Reptiles;Amphibians"
"MNG;IND;CHN",4574,"MNG;IND;CHN","Primary;Secondary","Primary;Secondary","Trade","Other","Biological field observations;Aggregate institutional data","Terrestrial","Asia","5/11/2020 2:21","E_Xing",2013,"BERGER","Mammals","Internaitonal (within a continent; e.g., European Union)","1","2006","2007","Other","na","Continuous","1","biomass of domestic goat","No","na","international 1 continent","na","1","no such data in Chinese survey","No","Mammals"
"USA",5804,"USA","Primary","Primary","Migration (non-human)","Field observations","Biological field observations","Terrestrial","North America","5/11/2020 23:37","E_Xing",2012,"FITZGERALD","Other","Sub-national (within-country region)","34","1993","2009","Other","na","Continuous","na","alien species","No","na","subnational","na","1","no such data in Chinese survey","No","Other"
"BRA",3583,"BRA","Secondary","Primary","Tourism","Social science field surveys","Biological field observations","Freshwater","South America","5/14/2020 15:58","E_Xing",2015,"Bispo","Invertebrates","Sub-national (within-country region)","15","2009","2011","Monthly;Other","na","Continuous","before and after holidays","tourists","No","na","subnational","na","2","no such data in Chinese survey","No","Invertebrates"
"COL",1488,"COL","Primary","Primary","Trade","Other","Biological field observations","Terrestrial","South America","common paper","common paper",2017,"Lopez-Ricaurte","Birds","common paper","common paper","common paper","common paper","common paper","common paper","Categorical","common paper","common paper","common paper","common paper","common paper","; ; na; Scale of entire system: ambiguous because recipient countries of palm oil exports are not specified. 

Number of countries involved: Unclear due to previous reasons

Unclear temporal resolution because data were aggregated into one time period. ; invasive spp impact?; ; ; ; ","3","common paper","common paper","Birds"
"ARG",3456,"ARG","Primary","Primary","Tourism","Field observations","Biological field observations","Marine","South America","common paper","common paper",2015,"Bravo","Invertebrates, Plants/trees/shrubs","common paper","common paper","common paper","common paper","common paper","common paper","Categorical","common paper","common paper","common paper","common paper","common paper","Believe this example first the inside/outside college campus example but will complete survey 3; ; ; ; ; ; na; Unclear number of countries involved bc unclear number of countries of origin for tourists. 

Very confused about how to report the results of this analysis. ; ; Confusing","2","common paper","common paper","Invertebrates; Plants"
"CRI",3924,"CRI","Primary","Primary","Trade","Field observations","Biological field observations","Terrestrial","South America","common paper","common paper",2014,"Cove","Mammals","common paper","common paper","common paper","common paper","common paper","common paper","Categorical","common paper","common paper","common paper","common paper","common paper","study reports both detection and occurrence probability, but only occurrence counts as a BD metric; ; ; ; Scale of entire system is unclear. Pineapple plantations are implied to be fore exportation, but it's unclear where they're going. I put intercontinental, but that is a big assumption. 

Number of countries involved is also unclear for reasons stated above. 

Number of time periods: Put 3 because there were three field seasons during which camera traps were collected. ; ; ","2","common paper","common paper","Mammals"
"PER",6655,"PER","Primary","Primary","Tourism","Field observations","Biological field observations","Terrestrial","South America","common paper","common paper",2011,"Salvador","Mammals","common paper","common paper","common paper","common paper","common paper","common paper","Categorical","common paper","common paper","common paper","common paper","common paper","Compared to both sites, tourist site had seven less species
NOTE that authors do not consider this to be a substantial difference, use as evidence that eco-tourism is good for bd; not too much information on metacoupling; ; See Survey 1. ; na; ; ; ""Scale of entire system"" is unclear given that it is not specified where the tourists are coming from. I chose intercontinental, but that was entirely a guess. 

Similarly, no idea how to deal with ""Number of countries involved"" when we don't know which countries the tourists are coming from. 

Number of time periods: Put 62 because that's the total number of surveys conducted. 

Metacoupling data type: Chose categorical because they compared reserve with tourists to reserve without tourists. ","1","common paper","common paper","Mammals"
