"timestamp","coder_id","paper_id","year_pub","author","taxa_list","habitat","num_countries","list_countries","list_continents","scale_entire","num_time_pd","year_start","year_end","temp_res","temp_res_unk","meta_var_type","b4_dur_after","peri_tele_flows","tele_cat","peri_tele_sep","peri_tele_sep_unk","data_source_biodiv","data_source_meta","data_type_biodiv","data_type_meta","scale_biodiv","comments","num_biodiv_metrics","list_biodiv_metrics","further_discuss","biodiv_countries"
2020-04-07 14:05:54,"E_Dean","17",2019,"Brandt","Plants/trees/shrubs","Terrestrial",NA,"Bhutan, China, India, Nepal","Asia","International (within a continent; e.g., European Union)",17,NA,NA,"Annually","","Categorical","During","Buffer zones of ecotourism were established in major ecotourism hubs of each country (Himachal Pradesh (n = 4), Nepal (n = 5), Bhutan (n = 3), and Yunnan (n = 3))","Tourism","Unclear/Uncertain","The study established ecotourism hubs, but did not specify what driver external to those hubs was driving ecotourism (for example, what countries are driving tourism in those hubs?)","Secondary","Secondary","Remote sensing","Remote sensing, Used literature to identify ecotourism hubs, then used remote sensing to delineate ecotourism zones","International (within a continent; e.g., European Union)","","1","% forest loss","No","Bhutan, China, India, Nepal"
2020-03-19 13:14:00,"E_Xing","44",2019,"Mokotjomela","Plants","Terrestrial",1,"South Africa","Africa","Sub-national (within-country region)",NA,NA,NA,"Other","na","Categorical","1","Biodiversity Economy Strategy at South Africa","Other","No","na","Secondary","Secondary","biological;rs","social","subnational","na","1","no such data in Chinese survey","No","no such data in Chinese survey"
2020-03-15 22:29:55,"MG_Chung","45",2019,"Green","Birds, Mammals, Amphibians, Plants/trees/shrubs","Terrestrial",139,"many","South America","Global (>100 countries)",2,"2000","2010","Annually","","Continuous","Before, During","Soybean trade","Trade","No","","Secondary","Secondary","Aggregate institutional data","Remote sensing, Aggregate institutional data","Sub-national (within-country region)","","1","species-by-species losses of suitable habitat","No",""
2020-04-30 18:34:53,"M_Lei","80",2019,"Krawczyk","Birds, Reptiles","Terrestrial",NA,"Greece","Europe","Sub-national (within-country region)",1,"2016","2016","Annually","","Categorical","After","Investment(building and road)","Investment","No","","Primary","Secondary","Biological field observations","Remote sensing","Sub-national (within-country region)","","2","bird and reptile abundance","No","Greece"
2020-04-29 13:19:36,"C_Hovis","84",2019,"Lindenmayer","Birds","Terrestrial",NA,"Australia, Rest of the World","Oceania (Australia, New Zealand, Fiji, etc)","Global (>100 countries)",1,"2004","2014","Annually","","Categorical","After","Logging ","Trade","No","","Primary","Primary","Biological field observations","Field observations","Sub-national (within-country region)","LOTS OF METRICS, TOO MANY?, AM I DOING THIS WRONG? reports apparent occupancy, does not consider detectability","","functional trait and logging, spp richness (2 logging times), apparent occupancy by spp (2 logging times), apparent occupancy by spp with fire (2 logging times)","Yes","Australia"
2020-03-20 07:24:13,"Y_Dou","92",2019,"Wang","Amphibians","Terrestrial",1,"China","Asia","Sub-national ((within-country region)",15,"2014","2018","Monthly","","Categorical","During","categorical disturbances","Tourism, land use","No","","Primary","Primary","Biological field observations","Field observations","Sub-national (within-country region)","","2","species richness; species abundance","No",""
2020-04-28 18:33:52,"C_Hovis","134",2017,"Dudley","Invertebrates","Freshwater",NA,"USA, Rest of the World","North America (includes Hawaii & all countries above Panama Canal)","Global (>100 countries)",1,"2012","2014","Seasonally","","Categorical","Before, After","Invasive spp","Species Dispersal","No","","Primary","Primary","Biological field observations","Field observations","Sub-national (within-country region)","USA = Hawaii","20","algae quality (both inv spp); litter quality (tree inv); day abun (both inv, two spp); night abun (both inv,two spp); migration (two inv, two spp), body size, body condition (small & large)","No","USA "
2020-05-11 12:49:11,"R_Chen","154",2017,"Grandi","Birds","Terrestrial",NA,"many","Unclear/unknown","Intercontinental (> 2 continents)",1,NA,NA,"Unknown/Unclear","review paper, not mentioned","Continuous","After","trade of individual numbers","Trade","No","","Secondary","Secondary","paper review","paper review","Intercontinental (> 2 continents)","","1","number of individuals ","No","many"
2020-04-16 11:45:16,"Y_Zhang","227",2019,"Marquardt","Not specified/global study","Not specified/Global study",NA,"many","North America (includes Hawaii & all countries above Panama Canal), South America, Asia, Europe, Africa, Oceania (Australia, New Zealand, Fiji, etc)","Global (>100 countries)",2,"2009","2016","Unknown/Unclear","Found in supplementary material, the data are secondary (from other studies) - one in 2009, one in 2016, temporal resolutions are unclear","Not specified, use household expenditure and population density as variables","After","Not specified, inferred only","Trade, Migration (human), human consumption (direct, agriculture/land use change)","No","","Secondary","Secondary","Aggregate institutional data","Aggregate institutional data","Global (>100 countries)","","4","mean species abundance, relative abundance, relative within-sample species richness, vulnearbility-weighted global relative species","No","many"
2020-04-01 15:48:23,"A_Herzberger","292",2019,"NOBRE","","Freshwater",NA,"Brazil","South America","Sub-national ((within-country region)",8,"2010","2013","Seasonally","","Categorical","Before, After","introduction of Astyanax bimaculatus to a previous fishless lake after a mine opended","Migration (human), Investment, unsure, it was the intentional introduction of a fish to a lake by miners presumably ","No","","Primary","Primary","Biological field observations","Field observations","Sub-national (within-country region)","","4","species richness, abundance, community assemblage ","No","Brazil"
2020-05-19 09:25:52,"X_Wu","302",2014,"Lima","Fish","Freshwater",NA,"Brazil","South America","Unclear/unspecified",1,"2005","2007","Daily","","Categorical","During","","Tourism","No","","Primary","Primary","Biological field observations","Field observations","Sub-national (within-country region)","","4","Species richness; diversity; eveness; density","No","Brazil"
2020-04-16 12:14:45,"Y_Zhang","311",2013,"Farris","Plants/trees/shrubs","Terrestrial",NA,"Italy","Europe","Sub-national (within-country region)",2,"2006","2006","Seasonally","Spring and summer","Categorical","Before, After","Tourists","Tourism","No","","Primary","Secondary","Biological field observations","No quantified data of tourists, but use intensity (high, low) instead","Sub-national (within-country region)","","1","species cover","No","Italy"
2020-03-19 15:29:13,"A_Herzberger","332",2019,"Wagaw","Birds, Fish","Freshwater",1,"Ethopia","Africa","Sub-national ((within-country region)",4,"1980","2016","Unknown/Unclear, They have collected others peoples datasets, and give populations at times when other studies reported it","They have lots of data sets at different times","Continuous","Before, During, After","water extraction for soda ash production, mineral and sand extraction, irrigation, and degradation from livestock","Water Transfer","Yes","","Secondary","Secondary","Biological field observations","Aggregate institutional data","Sub-national (within-country region)","","2","fishery collapse, # of waterfowl, ","No",""
2020-04-14 12:03:22,"E_Dean","339",2013,"Oldekop","Amphibians, Plants/trees/shrubs","Terrestrial",NA,"Ecuador","South America","Sub-national (within-country region)",1,NA,NA,"Unknown/Unclear","Study did not outline how often data was collected","Categorical","During","Trade was quantified as market access, categorizing areas into ""remote"" (less market access) and ""non-remote"" (more market access). Presence/absence of community rules/sanctions regulating land use (governing of trade) could not be quantified and related to biodiversity.","Trade, Governing of trade","No","","Primary","Primary","Biological field observations","Social science field surveys","Sub-national (within-country region)","","2","Fern species richness; leaf litter frog species richness","No","Ecuador"
2020-03-18 20:15:05,"A_Torres","357",2019,"Lomas","Reptiles","Terrestrial",1,"Canada","North America","Sub-national ((within-country region)",6,"2006","2012","every 2-3 days during the active season (April-October)","","Categorical","After","Tourism (among other factors) seems to have led to habitat disturbance, though tourism is not quantified in any way","Tourism","No","","Primary","Primary","Biological field observations","GIS observations (proximity to sources of human disturbance)","Sub-national (within-country region)","I included the paper because the authors say that the explanatory variable (habitat disturbance) is primarily linked with tourism (golf course, campground, hiking trails, roads, parking lots, vineyards, condominium complex), but such link is not thoroughly discussed nor quantified.","5","home range (Kernel Density); home range (minimum convex polygon); Core area size; Range length; Maximum distance traveled from hibernacula","No",""
2020-04-28 16:37:45,"M_Lei","379",2019,"Moraes","Invertebrates","Marine",NA,"Brazil","South America","Sub-national (within-country region)",6,"2008","2016","Annually","","Continuous","During","Bioeroding sponge richness and abundance","Species Dispersal","No","","Primary, Secondary","Primary, Secondary","Biological field observations, Aggregate institutional data","Field observations, Aggregate institutional data","Sub-national (within-country region)","","2","Bioeroding sponge richness and abundance","No","Brazil"
2020-04-30 17:13:50,"M_Lei","396",2019,"Wraith","Plants/trees/shrubs","Terrestrial",NA,"tourism and recreatio","Oceania (Australia, New Zealand, Fiji, etc)","Global (>100 countries)",1,"2018","2018","Annually","","Continuous","During","tourism and grazing, Get the data through the report: number of threatened species","Tourism, grazing","Yes","","Secondary","Secondary","Aggregate institutional data","Aggregate institutional data","Sub-national (within-country region)","","1","orchids richness ","No","Australia"
2020-04-28 22:26:10,"Y_Zhang","425",2019,"Costa","Invertebrates","Terrestrial, Marine",NA,"Brazil or more (unspecified tourist source)","South America","Unclear/unspecified",2,"2017","2018","Unknown/Unclear","Several field days","Continuous","Before, After","Urbanization index and percentage of fine sediment","Tourism","No","","Primary","Primary","Biological field observations","Field observations","Sub-national (within-country region)","","1","Single species abundance","No","Brazil"
2020-04-28 22:54:45,"Y_Zhang","466",2011,"Bejarano","Plants/trees/shrubs","Freshwater",NA,"Sweden","Europe","Sub-national (within-country region)",2,"2006","2009","Unknown/Unclear","","Categorical","After","Water flow (impact from dams)","Water flow (hydrological regulation)","No","","Primary","Secondary","Biological field observations","Remote sensing, Aggregate institutional data","Sub-national (within-country region)","","2","Number of trees; number of shrubs","No","Sweden"
2020-04-30 22:49:42,"M_Lei","471",2011,"WIANCKO","Birds","Terrestrial",NA,"CUBA","North America (includes Hawaii & all countries above Panama Canal)","Sub-national (within-country region)",3,"2005","2006","Seasonally","","Continuous","During","investment and building in resorts","Investment","No","","Primary","Primary","Biological field observations","Field observations","Sub-national (within-country region)","","2","landbird richness and abundance","No","CUBA"
2020-05-19 10:32:00,"X_Wu","479",2019,"Singh","Invertebrates","Terrestrial",NA,"China","Asia","Unclear/unspecified",1,"2013","2013","Annually","","Categorical","During","","Trade","No","","Primary","Primary","Biological field observations","Field observations","Sub-national (within-country region)","This paper only showed the significant differences about the Î± diversity.","3","Richness, abundance, diversity","No","China"
2020-04-17 10:03:12,"A_Herzberger","510",2018,"Geedicke","Plants/trees/shrubs, habitat pollution ","Terrestrial",NA,"Australia ","Oceania (Australia, New Zealand, Fiji, etc)","Sub-national (within-country region)",1,NA,NA,"snap shot, 1x","","Categorical","","Runoff from industrial, urban, and control","Water Transfer, Waste Transfer","Yes","the effect of residential vs. industrial runoff on habitat and plant communities ","Primary","Primary","Biological field observations","Field observations","Sub-national (within-country region)","","2","nutrient pollution, plant community composition","No","Australia"
2020-04-21 11:14:13,"A_Herzberger","518",2018,"Amira","Birds","Terrestrial",NA,"Malaysia ","Asia","Sub-national (within-country region)",2,"2015","2015","Seasonally","before/after rice harvest","just assuming rice export","Before, After","external flow is rice export","Trade","No","","Primary","Secondary","Biological field observations","knowledge of existence ","Sub-national (within-country region)","","3","bird abundance, richness and assemblage ","No","Malaysia"
2020-04-30 16:14:24,"M_Lei","523",2018,"Kouvari","Mammals","Marine",NA,"35","North America (includes Hawaii & all countries above Panama Canal), South America, Asia, Europe, Africa, Antarctica","Intercontinental (> 2 continents)",5,NA,NA,"Unknown/Unclear","we divide insular extinctions in five bins, being Late Pleistocene (125â€“10 ka), Early Holocene (10.0â€“8.2 ka), Middle Holocene (8.2â€“4.2 ka), Late Holocene (4.2â€“0.5 ka), and Modern Era (500 years ago till today) ","Continuous","During","first human arrival","Migration (human)","Unclear/Uncertain","It doesn't mention where people come from in this paper","Secondary","Secondary","Aggregate institutional data","Aggregate institutional data","Intercontinental (> 2 continents)","","1","extinct taxa","No","35"
2020-05-26 17:48:48,"R_Chen","566",2018,"Oldekop","Plants/trees/shrubs","Terrestrial",NA,"1","Asia","National",2,"2000","2012","Annually","","Categorical","After","International outmigration drives reforestation","Migration (human)","No","","Primary","Secondary","Remote sensing","Aggregate institutional data","National","","1","Forest cover change","No","1"
2020-03-16 12:54:51,"MG_Chung","654",2018,"Antonio Donazar","Birds","Terrestrial",1,"Spain","Europe","Sub-national ((within-country region)",1,"2014","2014","Daily","","Continuous","During","the number of vehicles in protected areas as most of visitors access the park by motor vehicle","Tourism","No","","Primary","Primary","Biological field observations","Field observations","Sub-national (within-country region)","","1","the number of scavenger species recorded daily","No",""
2020-04-30 19:27:46,"M_Lei","708",2018,"Raghavan","Fish","Freshwater",NA,"india","Asia","Sub-national (within-country region)",30,NA,NA,"Monthly","","Continuous","After","unmanaged harvests, no quantify","Trade, unmanaged harvests for the aquarium trade","No","","Primary","Primary","Biological field observations","Field observations","Sub-national (within-country region)","","2","unmanaged harvests for the aquarium trade","No","india"
2020-04-30 17:58:12,"M_Lei","713",2018,"Arbieu","Mammals","Terrestrial",NA,"many, visitor numbers","Africa","Global (>100 countries)",1,"2012","2014","Annually","","Continuous","After","","Tourism","No","","Primary, Secondary","Primary, Secondary","Social science field observations, Aggregate institutional data","Social science field surveys, Aggregate institutional data","National","","2","Large mammal richness and Abundance","No","3, Namibia, Botswana, South Africa "
2020-05-11 13:22:05,"R_Chen","854",2018,"Yi","habitat","Terrestrial",NA,"1","North America (includes Hawaii & all countries above Panama Canal)","Sub-national (within-country region)",2,"1984","2010","Unknown/Unclear","multi years","Continuous","During","using InVEST model","Investment","No","","Primary","Primary","Remote sensing","Remote sensing","Sub-national (within-country region)","","1","Habitat quality index","No","1"
2020-03-19 23:41:34,"M_Lei","897",2018,"Czortek","Invertebrates, Plants/trees/shrubs","Terrestrial",1,"Poland","Europe","Sub-national ((within-country region)",144,"1872","2016","Unknown/Unclear","Three data periods: 1872â€“1969; 1960â€“2016;  Augest 2016","Continuous","During","1600 climbers(statistics)","Tourism","No","","Primary","Secondary","Biological field observations, Aggregate institutional data","Field observations, Aggregate institutional data","Sub-national (within-country region)","","2","species richness; diversity","No",""
2020-04-05 16:01:34,"X_Wu","992",2018,"Johnson","Invertebrates","Freshwater",NA,"Sweden","Europe","Unclear/unspecified",1,NA,NA,"Monthly","","Continuous","During","","Species Dispersal","No","","Primary","Secondary","Biological field observations","Field observations","Sub-national (within-country region)","","1","Species composition","No","Sweden"
2020-03-19 16:41:00,"E_Xing","1040",2018,"BALMER","Mammals","Marine",1,"USA","North America","Sub-national (within-country region)",3,"2010","2011","Other","Jun. 2010,Aug. 2010,Feb. 2011,Oct. 2013","Categorical","3","oil spill","Other","Yes","na","Primary","Other","biological","other","subnational","na","na","no such data in Chinese survey","No","no such data in Chinese survey"
2020-03-26 15:16:28,"A_Herzberger","1270",2017,"Lima","Fish","Marine",NA,"Brazil","South America","International (within a continent; e.g., European Union)",3,"2004","2012","1 year before, 1 year after, 5 years after dam closure","","Categorical","During, After","Hydropower production, before, after and 5 years after closure","Water Transfer, Energy Transfer","No","","Primary","Primary","Biological field observations","Field observations","Sub-national (within-country region)","","3","reproduction, habitat use, diet by functional groups","No","Brazil"
2020-04-06 09:38:00,"X_Wu","1299",2017,"Coppes","Birds","Terrestrial",NA,"Germany","Europe","Unclear/unspecified",2,"2003","2006","Seasonally","","Continuous","During","","Tourism","No","","Primary","Primary","Biological field observations","Remote sensing","Sub-national (within-country region)","","1","Habitat","No","Germany"
2020-06-22 09:23:04,"R_Chen","1320",2017,"Wraith","Plants/trees/shrubs","Terrestrial",NA,"many","North America (includes Hawaii & all countries above Panama Canal), South America, Asia, Europe, Africa, Oceania (Australia, New Zealand, Fiji, etc)","Global (>100 countries)",16,"2000","2016","Annually","","Categorical","After","Tourism's impacts on orchids","Tourism","No","","Secondary","Secondary","Aggregate institutional data","Aggregate institutional data","Global (>100 countries)","","1","number of species","No","many"
2020-04-27 15:48:18,"C_Hovis","1349",2017,"Waldron","Birds, Mammals","Not specified/Global study",NA,"Many","North America (includes Hawaii & all countries above Panama Canal), South America, Asia, Europe, Africa, Oceania (Australia, New Zealand, Fiji, etc)","Global (>100 countries)",2,"1996","2008","Unknown/Unclear","","Continuous","Before, During, After","Conservation investment","Investment","No","","Secondary","Secondary","Aggregate institutional data","Aggregate institutional data","National","","1","Biodiversity decline score","No","Many"
2020-05-24 16:01:18,"A_Torres","1366",2017,"Yang","Fish","Freshwater",NA,"China","Asia","Sub-national (within-country region)",3,"2012","2014","Annually","","Categorical","Before, After","","Energy Transfer","No","","Primary","Primary","Biological field observations","Field observations","Sub-national (within-country region)","","5","AbundanceAge1; AbundanceAge2; AbundanceAge3; AbundanceAge4; EggsLarvaeAbundance","No","China"
2020-05-19 11:38:15,"X_Wu","1368",2017,"Arribas","Invertebrates","Marine",NA,"Argentina","South America","Unclear/unspecified",4,NA,NA,"Seasonally","","Continuous","During","","Tourism","No","","Primary","Primary","Biological field observations","Field observations","Sub-national (within-country region)","","1","Density","No","Argentina"
2020-06-03 14:42:54,"A_Herzberger","1376",2013,"Moritz","Plants/trees/shrubs","Marine",NA,"Republic of Maldives","Asia","Sub-national (within-country region)",1,NA,NA,"1 time period, compare between sites","","Categorical","During","reef habitat near island resort tourism ","Tourism","No","compared with local community, intracoupling ","Primary","Primary","Biological field observations","Field observations","Sub-national (within-country region)","","7","reef area; reef quality; reef size/age; fish diversity; fish biomass; echinoderm diversity;  echinoderm abundance","No","Republic of Maldives"
2020-03-31 12:30:45,"A_Torres","1551",2017,"Mota Machado","Invertebrates","Marine",NA,"Brazil","South America","Intercontinental (> 2 continents)",2,"2012","2014","Seasonally","","Categorical","During","Tourism: Human trampling in urban vs. non-urban areas","Tourism","No","","Primary","Primary","Biological field observations","Field observations","Sub-national (within-country region)","","26","Richness-Grussai beach; Density-Grussai beach; Diversity-Grussai beach; Richness-Grussai beach-upper sector; Richness-Grussai beach-medium sector; Richness-Grussai beach-lower sector; Diversity-Grussai beach-upper sector; Diversity -Grussai beach-medium sector; Diversity-Grussai beach-lower sector; Composition-Grussai beach; Composition-Grussai beach-upper sector; Composition-Grussai beach-medium sector; Composition-Grussai beach-lower sector; Richness-Manguinhos beach; Density-Manguinhos beach; Diversity-Manguinhos beach; Composition-Manguinhos beach; Composition-Manguinhos beach-upper sector; Composition-Manguinhos beach-medium sector; Composition-Manguinhos beach-lower sector; Density of Atlantorchestoidea brasiliensis; Density of Donax hanleyanus; Density of Emerita brasiliensis; Density of Excirolana braziliensis; Density of Hemipodia californiensis; Density of Scolelepis sp.","No","Brazil"
2020-04-21 15:38:14,"A_Herzberger","1565",2017,"Kirk","Birds","Terrestrial",NA,"Canada","North America (includes Hawaii & all countries above Panama Canal)","Sub-national (within-country region)",4,"1990","1990","Weekly","just 1 time point, 4 replicates ","Categorical","During","organic v. conventional agriculture practices","Trade, Knowledge Transfer","No","","Primary","Primary","Biological field observations","Social science field surveys","Sub-national (within-country region)","","2","abundance, richness","No","Canada"
2020-03-31 14:10:33,"A_Torres","1590",2017,"Dale","Plants/trees/shrubs","Terrestrial",NA,"United States, United Kingdom, Netherlands, Belgium","North America","Intercontinental (> 2 continents)",2,"2002","2014","Annually","","Categorical","Before, After","wood pellet export industry","Trade","No","","Secondary","Secondary","Aggregate institutional data","Aggregate institutional data","Sub-national (within-country region)","","4","Number of standing dead trees-Savannah; Area with large trees-Savannah; Number of standing dead trees-Chesapeake; Area with large trees-Chesapeake","No","United States"
2020-04-14 11:23:16,"A_Herzberger","1616",2016,"Gamero","Birds","Terrestrial",NA,"25 EU countries","Europe","International (within a continent; e.g., European Union)",30,"1981","2012","Annually","","Categorical","Before, During","Kinda, they look at the effect conservation programs and ag intensity have on farmland birds across the EU","Knowledge Transfer, the farmers were in a conservation program","Yes","no","Secondary","Secondary","Aggregate institutional data","Aggregate institutional data","National","","4","relative abundance effected by conservation, population growth rate by conservation, abundance by ag intensity,  migration by ag intensity ","No","25 EU countries"
2020-04-30 20:36:23,"M_Lei","1681",2017,"Ivanova","Mammals","Terrestrial",NA,"many, Tourists","Europe","Global (>100 countries)",1,"2016","2016","Annually","","Continuous","During","Touristsï¼ŒThe number of photoflashes produced by tourists in a session. ","Tourism","No","","Primary","Primary","Biological field observations","Field observations","Sub-national (within-country region)","","1","bat mortality","No","Bulgaria"
2020-04-15 15:35:52,"K_Kapsar","1743",2017,"Balduino","Fish","Freshwater",NA,"Brazil","South America","Unclear/unspecified",1,NA,NA,"Seasonally","","Categorical","During","Tourists","Tourism","No","","Primary","Secondary","Biological field observations","Qualitative analysis","Sub-national (within-country region)","","5","abundance, richness, diversity, dominance, community competition","No","Brazil"
2020-04-29 00:58:25,"Y_Zhang","1752",2017,"Zeeman","Plants/trees/shrubs","Terrestrial",NA,"Australia","Oceania (Australia, New Zealand, Fiji, etc)","Sub-national (within-country region)",2,"1994","2014","Unknown/Unclear","Several field data collections, unknown resoluation","Categorical","After","","Species Dispersal, Urbanization","No","","Primary","Secondary","Biological field observations","Aggregate institutional data","Sub-national (within-country region)","","1","Species occurance","No","Australia"
2020-04-06 10:12:29,"X_Wu","1799",2017,"Harris","Birds","Terrestrial",NA,"Indonesia","Asia","National",14,"1998","2014","Daily","","Continuous","During","","Trade","No","","Primary","Primary","Biological field observations","Social science field surveys","Sub-national (within-country region)","","1","Abundance","No","Indonesia"
2020-03-31 14:43:07,"A_Torres","1821",2017,"Wilting","Birds, Mammals, Reptiles, Invertebrates, Plants/trees/shrubs","Terrestrial",NA,"""many""","North America, South America, Asia, Europe, Africa, Oceania (Australia, New Zealand, Fiji, etc)","Intercontinental (> 2 continents)",1,"2007","2007","Only for one year","","Continuous","After","Trade of goods and services","Trade","Yes","","Secondary","Secondary","Aggregate institutional data","Aggregate institutional data","Intercontinental (> 2 continents)","Aggregates data of mean species abundance for several taxa into one indicator","1","Mean Species Abundance per ha per year","No","""many"""
2020-05-11 13:34:19,"R_Chen","1836",2017,"Vall-llosera","Birds","Terrestrial",NA,"many","Oceania (Australia, New Zealand, Fiji, etc)","Intercontinental (> 2 continents)",40,"1975","2014","Annually","","Continuous","After","international trade of parrot","Trade","No","","Secondary","Secondary","Social science field observations","Social science field surveys","Intercontinental (> 2 continents)","","1","number of transactions","No","many"
2020-05-12 12:40:41,"R_Chen","1893",2017,"Huang","Fish","Marine",NA,"1","Asia","Sub-national (within-country region)",1,"2014","2014","Unknown/Unclear","only did field work one time","Continuous","After","descriptive analysis","Tourism","No","","Primary","Secondary","Biological field observations","Aggregate institutional data","Sub-national (within-country region)","","2","richness, abundance ","No","1"
2020-04-30 16:48:02,"M_Lei","2050",2017,"NAUDIYAL","Plants/trees/shrubs","Terrestrial",NA,"India","Asia","Sub-national (within-country region)",1,NA,NA," there is no year provided","","Continuous","During","The article divides human behavior into three categories, based on how much plants are harmed","Tourism, Cutting and grazing/browsing","Yes","","Primary","Primary","Biological field observations","Field observations","Sub-national (within-country region)","","1","Vegetation diversity, shannon diversity index","No","India"
2020-05-28 16:25:24,"A_Herzberger","2201",2016,"Porras","Mammals","Terrestrial",NA,"Mexico","North America (includes Hawaii & all countries above Panama Canal)","Sub-national (within-country region)",1,"2008","2009","Daily","","Categorical","During","Tourism ","Tourism","Yes","The considered tourism, AH, hunting and urban area on diversity","Primary","Secondary","Biological field observations","Aggregate institutional data","Sub-national (within-country region)","","2"," tourism v. richness; tourism v. abundance","No","Mexico"
2020-05-11 00:57:33,"R_Chen","2210",2016,"Auliya","Reptiles","Terrestrial",NA,"many","North America (includes Hawaii & all countries above Panama Canal), South America, Asia, Europe, Africa, Oceania (Australia, New Zealand, Fiji, etc)","International (within a continent; e.g., European Union)",1,"2004","2014","Unknown/Unclear","the authors don't mention the temporal resolution","Categorical","During","trade impacts on reptile population","Trade","No","","Secondary","Secondary","Social science field observations","Social science field surveys","International (within a continent; e.g., European Union)","","one","number of reptiles","No","many"
2020-05-11 09:38:09,"R_Chen","2214",2016,"Villatoro","Mammals","Terrestrial",NA,"Chile","South America","National",1,"2013","2014","Unknown/Unclear","once during the survey time","Categorical","During","migration","Migration (non-human)","No","","Primary","Primary","Social science field observations","Social science field surveys","Sub-national (within-country region)","","one","number of dogs","No","1"
2020-03-31 13:59:02,"A_Herzberger","2253",2016,"Ferrigno","Invertebrates","Marine",NA,"Indonesia","Asia","Global (>100 countries)",1,"2014","2014","2 months, across 18 sites ","","Continuous","During","Distance from coral reefs to fishing villages and scuba diving resorts as a proxy for human activity","Trade, Tourism","Yes","measured affect ""other"" local sites as well ","Primary","Primary","Biological field observations","Field observations","Sub-national (within-country region)","","1","an index of coral quality was created from other biodiversity metrics","No","Indonesia"
2020-04-30 17:29:58,"M_Lei","2284",2016,"Selier","Mammals","Terrestrial",NA,"tourists","Africa","Global (>100 countries)",7,"2000","2012","(2000, 2001, 2004, 2007, 2008, 2010 and 2012)","","Continuous","After"," tourism,Number of tourists who travel to a country other than that in which they have their usual residence","Tourism","Yes","","Secondary","Secondary","Aggregate institutional data","Aggregate institutional data","National","","1","tourist numbers","No","3, Botswana, South Africa and Zimbabw"
2020-04-05 16:36:49,"X_Wu","2345",2016,"Farwell","Birds","Terrestrial",NA,"USA","North America (includes Hawaii & all countries above Panama Canal)","Unclear/unspecified",8,"2008","2015","Daily","","Continuous","During","","Trade, Energy Transfer","No","","Primary","Primary","Biological field observations","Remote sensing","Sub-national (within-country region)","This paper is about shale gas, so I chose trade and enegy transfer as external process.","1","Species richness","No","USA"
2020-05-11 10:04:31,"R_Chen","2402",2016,"Tata","Plants/trees/shrubs","Terrestrial",NA,"1","Oceania (Australia, New Zealand, Fiji, etc)","Sub-national (within-country region)",2,"2014","2014","Seasonally","2 times","Continuous","During","domestication ","Investment","No","","Primary","Primary","Biological field observations","Field observations","Sub-national (within-country region)","","one","growth rate of trees","No","1"
2020-05-11 10:33:06,"R_Chen","2504",2016,"Dronova","Birds","Freshwater",NA,"1","Asia","Sub-national (within-country region)",1,"2006","2006","Daily","","Categorical","During","count the waterbirds","Migration (human)","No","","Primary","Primary","Biological field observations","Field observations","Sub-national (within-country region)","","1","number of waterbirds","No","1"
2020-04-01 15:23:55,"A_Herzberger","2546",2015,"Sanderson","Birds","Terrestrial",NA,"27 EU countries ","Europe","International (within a continent; e.g., European Union)",2,"1980","2012","short term 2001-2012; long-term 1980-2012","","Categorical","During","bird is classified in annex I or not by EU conservation directive","Knowledge Transfer","No","","Secondary","Secondary","Aggregate institutional data","Aggregate institutional data","International (within a continent; e.g., European Union)","","5","habitat association; migration strategy; reproduction; population short-term trend, population long-term trend","No","27"
2020-03-19 21:51:05,"X_Wu","2606",2016,"Seer","Plants/trees/shrubs","Terrestrial",1,"Germany","Europe","Sub-national ((within-country region)",3,"2011","2013","Annually","","Categorical","After","","Tourism","No","","Primary","Primary","Biological field observations","Field observations","Sub-national (within-country region)","","3","Species richness; species coverage; plant community classes","No",""
2020-04-16 15:23:46,"K_Kapsar","2642",2016,"Lourdes","Fish","Freshwater",NA,"Philippines","Asia","Unclear/unspecified",1,"2013","2015","Weekly","","Categorical","During","Invasive aquaculture fish","Invasive species","No","","Primary","Primary","Biological field observations","Field observations","Sub-national (within-country region)","","4","fish biomass, Shannon-Weiner diversity, richness, evenness","No","Philippines"
2020-04-16 18:24:13,"A_Torres","2670",2016,"Cao","Invertebrates","Freshwater",NA,"China","Asia","Unclear/unspecified",1,"2013","2013","Seasonally","","Continuous","During","Tourism stress","Tourism","No","","Primary","Primary","Biological field observations","Field observations","Sub-national (within-country region)","","2","Taxa richness; Ephemeroptera, Plecoptera, and Trichoptera (EPT) richness","No","China"
2020-03-19 10:05:49,"E_Dean","2704",2016,"Mammides","Birds","Terrestrial",1,"Cyprus","Oceania (Australia, New Zealand, Fiji, etc)","Sub-national ((within-country region)",1,"2012","2012","Seasonally","","Continuous","During","Total length of roads, distance to nearest agricultural field, human population size","This is within-country","No","","Primary","Secondary","Biological field observations","Remote sensing","Sub-national (within-country region)","Regression models - counts?","5","Total species richness; richness of passage migrants; richness of resident breeders; richness of species with increasing global population trends; richness of species with stable global population trends; richness of species with decreasing global population trends","Yes",""
2020-04-05 07:52:42,"E_Dean","2998",2015,"Phomikong","Fish","Freshwater",NA,"Thailand","Asia","Sub-national (within-country region)",18,"2009","2010","18 sampling trips between Aug 2009 - June 2010","","Categorical","Before, During, After","Used the environmental effect of dams as a proxy for the effects of hydropower on fish communities?","Energy Transfer","No","","Primary","Primary","Biological field observations","Field observations","Sub-national (within-country region)","","4","Cumulative species richness; average species richness; Shannon-Wiener diversity index; abundance-biomass","No","Thailand"
2020-05-26 17:41:27,"R_Chen","3081",2015,"MikolÃ¡Å¡","Birds","Terrestrial",NA,"1","Europe","Sub-national (within-country region)",4,"1985","2010","multi year","","Continuous","During","selecting logging on Capercaillie abundence","Investment","No","","Secondary","Secondary","Social science field observations","Social science field surveys","Sub-national (within-country region)","","1","number of species","No","1"
2020-04-27 13:31:07,"C_Hovis","3112",2015,"Santos","Invertebrates","Marine",NA,"Brazil, Rest of the World","South America","Global (>100 countries)",1,"2012","2012","Seasonally","","Categorical","Before, During, After","","Tourism","No","","Primary","Primary","Biological field observations","Field observations","Sub-national (within-country region)","","13","presence/abundance based on taxa group","No","Brazil"
2020-04-05 08:19:19,"E_Dean","3122",2015,"Sa-Oliveira","Fish","Freshwater",NA,"Brazil","South America","Sub-national (within-country region)",8,"2009","2010","Bi-monthly","","Categorical","During","","Energy Transfer","No","","Primary","Primary","Biological field observations","Field observations","Sub-national (within-country region)","","6","Abundace; biomass; species richness; alpha diversity; dominance; Bray-Curtis dissimilarity","No","Brazil"
2020-03-20 00:22:50,"M_Lei","3151",2015,"LASNE","Fish","Freshwater",1,"France","Europe","Sub-national ((within-country region)",18,"1994","2011","Annually","","Categorical","Before, After","fish flow (The nest density and spatial distribution)","Migration (non-human)","Yes","","Primary","Primary","Biological field observations","Field observations","Sub-national (within-country region)","","2","The nest density and spatial distribution","No",""
2020-03-19 22:15:46,"X_Wu","3165",2015,"Fenu","Plants/trees/shrubs","Terrestrial",1,"Italy","Europe","Sub-national ((within-country region)",1,NA,NA,"Monthly","","Categorical","After","","Tourism","No","","Primary","Primary","Biological field observations","Field observations","Sub-national (within-country region)","","2","Plant density; plant fitness","No",""
2020-05-29 12:33:06,"A_Herzberger","3243",2015,"Harris","Birds","Terrestrial",NA,"Indonesia","Asia","International (within a continent; e.g., European Union)",1,NA,NA,"Unknown/Unclear","The did population trends over around 20 years, not always 2-","Continuous","During","Wild bird trade, domestic and to China, New Guinea etc.","Trade","No","They just mention the trade is both, they are analyzed as one","Primary","Secondary","Social science field observations","Aggregate institutional data","Sub-national (within-country region)","","1","mananova: groups of birds (stable/declining) v. Bird price & trade volume","No","Indonesia"
2020-05-25 23:39:29,"M_Lei","3247",2015,"Valencia","Plants/trees/shrubs","Terrestrial",NA,"Mexico","North America (includes Hawaii & all countries above Panama Canal)","Sub-national (within-country region)",1,"2011","2012","Seasonally","","Continuous","After","farmersâ€™ knowledge of management practices,Preferred and disliked tree species mentioned in at least 20% of interviews","Knowledge Transfer","Yes","","Primary","Primary","Biological field observations, Social science field observations","Field observations, Social science field surveys","Sub-national (within-country region)","","3","tree richness,tree density,shannon diversity","No","Mexico"
2020-04-27 12:29:16,"C_Hovis","3335",2015,"Ginter","Fish","Freshwater",NA,"Estonia, Russia, Rest of the World","Europe","Intercontinental (> 2 continents)",22,"1990","2012","Annually","","Categorical","Before, During, After","","Trade, Climate Change","No","","Primary, Secondary","Secondary","Biological field observations, Aggregate institutional data","Used co-occurence of policy changes in time-series","Intercontinental (> 2 continents)","Intercontinental might not be the correct classification since this is a transboundary and could be considered a telecoupling, look at co-occurence of size-selective harvest and climate change since two cannot be de-coupled","2","size and co-hort abund","No","Estonia"
2020-06-22 13:22:06,"R_Chen","3361",2014,"Faille","Invertebrates","Terrestrial",NA,"France","Europe","Sub-national (within-country region)",12,"2010","2012","every 3 to 4 months during 3 years","","Continuous","During","Tourist","Tourism","No","","Primary","Primary","Biological field observations","Social science field surveys","Sub-national (within-country region)","","1","number of species","No","France"
2020-04-27 17:45:05,"C_Hovis","3484",2015,"Reyes-Martinez","Invertebrates","Marine",NA,"Spain, Rest of the World","Europe","Sub-national (within-country region)",15,"2011","2011","Hourly","","Continuous","Before, After","# tourists/visitors","Tourism","No","","Primary","Primary","Biological field observations","Field observations","Sub-national (within-country region)","","4","assemblage density; richness; diversity; comm comp","No","Spain"
2020-04-16 01:17:00,"E_Xing","3485",2015,"Hein","Other","Marine",1,"Thailand","Asia","Sub-national (within-country region)",1,"2013","2013","Other","na","Categorical","after","“high-use”or “low-use” sites of dive tourism according to sedimentation, diving pressure, snorkelling pressure, waste-water run-off, and boat traffic","Tourism","No","na","Primary","Secondary","biological","biological;social","subnational","na","6","no such data in Chinese survey","No","no such data in Chinese survey"
2020-04-28 10:35:56,"K_Kapsar","3511",2014,"Bocxlaer","Invertebrates","Freshwater",NA,"Malawi","Africa","Intercontinental (> 2 continents)",1,"2004","2004","Unknown/Unclear","Sampling protocol not detailed","Continuous","During","Invasive snail morph","Invasive species","No","","Primary","Primary","Biological field observations","Field observations","Sub-national (within-country region)","","2","Density","No","Malawi"
2020-05-14 15:58:00,"E_Xing","3583",2015,"Bispo","Invertebrates","Freshwater",1,"Brazil","South America","Sub-national (within-country region)",15,"2009","2011","Monthly;Other","na","Continuous","before and after holidays","tourists","Tourism","No","na","Primary","Secondary","biological","social","subnational","na","2","no such data in Chinese survey","No","no such data in Chinese survey"
2020-04-16 02:12:00,"E_Xing","3668",2015,"Meyer","Reptiles;Amphibians","Freshwater",3,"USA, Spain and France","Europe","Intercontinental (>2 continents)",1,NA,NA,"Other","na","Categorical","after","red-eared slider turtle exported from USA to Europe","Species Dispersal","Yes","na","Primary","Other","biological","other","international 1 continent","na","1","no such data in Chinese survey","No","no such data in Chinese survey"
2020-05-25 17:28:27,"Y_Zhang","3697",2014,"Moraga","Mammals","Terrestrial",NA,"Chile","South America","Sub-national (within-country region)",16,"2006","2010","Seasonally","","Continuous","Before, After","","Migration (non-human), Mentioned commercial logging but its impact is not measured.","No","","Primary","Primary","Biological field observations","Field observations","Sub-national (within-country region)","","1","Guanaco density","No","Chile"
2020-04-28 11:20:44,"K_Kapsar","3772",2014,"McDermid","Fish","Freshwater",NA,"Canada","North America (includes Hawaii & all countries above Panama Canal)","Sub-national (within-country region)",4,"1940","2010","Decadally","","Categorical","Before, During","Dam","Energy Transfer","No","","Primary","Secondary","Biological field observations","unspecified","Sub-national (within-country region)","","7","Observed heterozygosity; allellic richness; coefficient of inbreeding; pairwise divergence; relatedness; effective population size","No","Canada"
2020-05-25 23:33:33,"Y_Zhang","3849",2014,"Wolf","Plants/trees/shrubs","Terrestrial",NA,"Australia","Oceania (Australia, New Zealand, Fiji, etc)","Unclear/unspecified",2,"2006","2007","Unknown/Unclear","Field work days","Continuous","After","","Tourism","No","","Primary","Secondary","Biological field observations","Inferred tourists (trail/road use intensity)","Sub-national (within-country region)","","3","Total plant cover, non-native spcies, simpson's diversity index","No","Australia"
2020-04-05 16:30:29,"E_Dean","3868",2014,"de Bie","Plants/trees/shrubs","Terrestrial",NA,"Australia","Oceania (Australia, New Zealand, Fiji, etc)","Sub-national (within-country region)",2,"2001","2011","Annually","","Categorical","During","No ""flow"" identified","Tourism","No","","Primary","Primary","Biological field observations","Field observations","Sub-national (within-country region)","","1","Exotic species richness","No","Australia"
2020-04-28 13:20:02,"K_Kapsar","3989",2014,"Bessa","Invertebrates","Marine",NA,"Portugal","Europe","Unclear/unspecified",2,"1999","2011","Monthly, Seasonally","","Categorical","During","Tourists","Tourism","No","","Primary","Secondary","Biological field observations","Unclear. Presence/absence of tourists ","Sub-national (within-country region)","","6","density (3 spp); richness; Shannon-Weiner index; community structure","No","Portugal"
2020-04-30 14:57:01,"Y_Zhang","4020",2014,"Huhta","Birds","Terrestrial",NA,"Finland","Europe","Sub-national (within-country region)",2,"2004","2006","Unknown/Unclear","Involving field work days","Categorical","After","Tourists (implied)","Tourism","No","","Primary","Secondary","Biological field observations","Broadly use urban areas, campfire sites, hiking trails","Sub-national (within-country region)","","1","Bird abundance","No","Finland"
2020-06-03 15:02:49,"A_Herzberger","4060",2014," Kleijn","Birds","Terrestrial, Freshwater",NA,"Morocco ","Africa","International (within a continent; e.g., European Union)",21,"1985","2011","Annually","","Categorical","Before, After","","Knowledge Transfer","No","","Secondary","Secondary","Biological field observations","Field observations","Sub-national (within-country region)","","alot, im going to send an excel sheet ","waterbird abundance, richness ","No","Morocco"
2020-04-29 17:30:20,"C_Hovis","4063",2014,"Sealey","Plants/trees/shrubs","Marine",NA,"Bahamas, Rest of the world","North America (includes Hawaii & all countries above Panama Canal)","Global (>100 countries)",1,"2002","2012","Annually","","Continuous","Before, During, After","Human impact rank related to tourism","Tourism","No","","Primary","Primary","Biological field observations","Field observations","Sub-national (within-country region)","","4","number of spp, margalef index, shannon, assemblage","No","Bahamas"
2020-03-18 15:23:17,"A_Herzberger","4087",2012,"Randall","Birds","Terrestrial, Freshwater",1,"USA","North America","Sub-national ((within-country region)",13,"1995","2007","Annually","","Categorical","Before, After","state conservation program","Knowledge Transfer","No","","Primary","Primary","Biological field observations","Field observations","Sub-national (within-country region)","","1","bird density","No",""
2020-03-18 12:23:33,"MG_Chung","4132",2014,"Bjerke","Birds","Terrestrial",1,"Norway","Europe","Sub-national ((within-country region)",1,"2011","2011","Seasonally","","Continuous","During","spring-staging pink-footed geese (as measured from the goose-dropping counts)","Migration (non-human)","No","","Primary","Primary","Biological field observations","Field observations","Sub-national (within-country region)","Populations of migratory geese negatively impact available hay biomass and quality that are used for milk feed from farmers.","1","the Shannon biodiversity index of weeds","No",""
2020-05-11 11:24:21,"R_Chen","4136",2014,"Li","Birds","Terrestrial",NA,"1","Asia","National",30,"1981","2010","Annually","","Continuous","After","international trade of birds","Trade","No","","Secondary","Secondary","Social science field observations","Social science field surveys","National","","1","Number of Species","No","1"
2020-03-18 15:10:03,"MG_Chung","4155",2014,"Thomas","Birds","Terrestrial",1,"USA","North America","Sub-national ((within-country region)",1,"2009","2010","Annually","","Categorical","During, After","the number of oil wells (active, conventional oil-gas well)(wells/site, wells/km2)","Energy Transfer","No","","Primary","Primary","Biological field observations","Social science field surveys","Sub-national (within-country region)","","2","species richness; species abundance","No",""
2020-06-22 13:54:59,"R_Chen","4180",2014,"Kowalewski ","Clams","Marine",NA,"Spain","Europe","Sub-national (within-country region)",2,"1978","2010","Monthly","","Continuous","After","Loss of Shells to Tourism","Tourism","No","","Primary","Secondary","Biological field observations","Aggregate institutional data","Sub-national (within-country region)","","1","number of species","No","Spain"
2020-05-12 16:57:18,"R_Chen","4207",2017,"Goswami","Mammals","Terrestrial",NA,"1","Asia","Sub-national (within-country region)",1,"2008","2008","Annually","","Continuous","After","how conflict affect biodiversity","governance","No","","Primary","Secondary","Biological field observations","Social science field surveys","Sub-national (within-country region)","","1","density of animals","No","1"
2020-05-26 11:03:35,"Y_Zhang","4209",2014,"Molina-Montenegro","Plants/trees/shrubs","Terrestrial",NA,"Antarctica","Antarctica","International (within a continent; e.g., European Union)",2,"2007","2009","Seasonally","","Continuous","Before, After","Visitors (tourists, scientists)","Migration (human)","No","Visitors must be from another continent (?)","Primary","Secondary","Biological field observations","Didn't identify source or number of visitors","International (within a continent; e.g., European Union)","","1","Number of P. annua individuals (abundance)","No","Antarctica"
2020-05-19 12:26:04,"X_Wu","4257",2014,"Miranda","Invertebrates","Freshwater",NA,"South Africa","Africa","Unclear/unspecified",2,"1968","2013","Annually","","Categorical","Before, After","","Trade, Species Dispersal","No","","Secondary","Primary","Biological field observations","Field observations","Sub-national (within-country region)","","1","Composition","No","South Africa"
2020-04-30 15:37:52,"Y_Zhang","4293",2014,"Ballantyne","Plants/trees/shrubs","Terrestrial",NA,"Australia","Oceania (Australia, New Zealand, Fiji, etc)","Sub-national (within-country region)",2,"2003","2013","Unknown/Unclear","Involves field work days","Unclear number of tourists","After","Tourists in hiking trails","Tourism","No","","Primary","Secondary","Biological field observations","Use hiking trails as proxy of tourists","Sub-national (within-country region)","","1","Abundance","No","Australia"
2020-04-06 11:09:29,"X_Wu","4393",2013,"Hanafiah","Fish","Freshwater",NA,"Germany; Netherlands; Belgium; Hungary; Austria; Slovakia; Luxembourg; France","Europe","International (within a continent; e.g., European Union)",1,"1992","2009","Unknown/Unclear","The data is secondary data.","Categorical","During","","Trade, Species Dispersal","No","","Secondary","Secondary","Aggregate institutional data","Aggregate institutional data","International (within a continent; e.g., European Union)","","1","Species richness","No","Germany; Netherlands; Belgium; Hungary; Austria; Slovakia; Luxembourg; France"
2020-05-26 17:21:18,"R_Chen","4427",2013,"Ellis","Birds","Freshwater",NA,"1","North America (includes Hawaii & all countries above Panama Canal)","National",11,"1998","2008","Annually","","Continuous","After","Impacts of commercial fisheries on migratory birds","Migration (non-human)","No","","Secondary","Secondary","Aggregate institutional data","Aggregate institutional data","National","","1","number of species","No","1"
2020-05-26 00:06:42,"Y_Zhang","4445",2013,"Wolf","Birds","Terrestrial",NA,"Australia","Oceania (Australia, New Zealand, Fiji, etc)","Unclear/unspecified",2,"2006","2007","Unknown/Unclear","Field work days","Continuous","After","","Tourism","No","","Primary","Secondary","Biological field observations","Tourists (road/trail classified as intense use - high/low)","Sub-national (within-country region)","","2","Number of birds, species richness","No","Australia"
2020-05-28 14:58:08,"K_Kapsar","4509",2013,"Luo","Mammals","Terrestrial",NA,"China","Asia","Unclear/unspecified",1,"2003","2011","Unknown/Unclear","Census across 9 years","Categorical","During, After","Tourists","Tourism","No","","Primary","Primary","Biological field observations","Field observations, Social science field surveys","Sub-national (within-country region)","","1","Species richness","No","China"
2020-06-15 13:56:37,"A_Herzberger","4518",2013,"Hyun","Birds","Freshwater, Marine",NA,"South Korea, North Korea, China, Mongolia, Australia ","Asia","International (within a continent; e.g., European Union)",1,"1999","2006","Unknown/Unclear","","Categorical","After","land was reclaimed and used for rice production, farmers changed management to attract birds, being compared to a control","Trade, Migration (non-human), Knowledge Transfer","No","","Primary, Secondary","Primary","Biological field observations, Aggregate institutional data","Field observations, Aggregate institutional data","Sub-national (within-country region)","","1","diversity ","No","South Korea"
2020-04-06 15:55:08,"X_Wu","4551",2013,"Fukami","Plants/trees/shrubs","Terrestrial",NA,"New Zealand","Oceania (Australia, New Zealand, Fiji, etc)","Unclear/unspecified",5,"2002","2006","Annually","","Categorical","During","","Species Dispersal","No","","Primary","Primary","Biological field observations","Field observations","Sub-national (within-country region)","","3","alpha diversity; beta diversity; gamma diversity","No","New Zealand"
2020-04-29 13:55:51,"K_Kapsar","4552",2013,"Zhou","Mammals","Terrestrial",NA,"China","Asia","Unclear/unspecified",1,"2007","2007","Seasonally","","Ordinal","During","","Tourism","No","","Primary","Primary","Biological field observations","Social science field surveys","Sub-national (within-country region)","","1","fieldsign abundance","No","China"
2020-05-11 02:21:00,"E_Xing","4574",2013,"BERGER","Mammals","Terrestrial",3,"Mongolia, India, and China","Asia","Internaitonal (within a continent; e.g., European Union)",1,"2006","2007","Other","na","Continuous","1","biomass of domestic goat","Trade","No","na","Primary;Secondary","Primary;Secondary","biological;aggregate","social;aggregate","international 1 continent","na","1","no such data in Chinese survey","No","no such data in Chinese survey"
2020-04-30 13:01:49,"C_Hovis","4760",2013,"Sada","Invertebrates","Terrestrial, Freshwater",NA,"USA, Rest of the world","North America (includes Hawaii & all countries above Panama Canal)","Global (>100 countries)",1,"2006","2007","Seasonally","","Categorical","Before, After","Music festival activity","Tourism","No","","Primary","Primary","Biological field observations","Field observations","Sub-national (within-country region)","study took place in nevada, playas are seasonally flooded and this is crucial for the life history of the organism, wasn't sure if I should tag as freshwater or terrestrial so I put both","2","egg density for two spp","No","USA"
2020-05-26 17:07:34,"R_Chen","4772",2013,"Shrestha","Plants/trees/shrubs","Terrestrial",NA,"1","Asia","Sub-national (within-country region)",11,"2001","2011","Annually","","Continuous","During","impacts of trade on fungus","Trade","No","","Secondary","Secondary","Aggregate institutional data","Aggregate institutional data","Sub-national (within-country region)","","1","number of species","No","1"
2020-04-30 19:01:01,"K_Kapsar","4831",2013,"Pour","Invertebrates","Marine",NA,"Iran","Asia","Unclear/unspecified",2,"2009","2009","Unknown/Unclear","Two sampling events. Unclear how long they took. ","Categorical","During, After","Tourists","Tourism","No","","Primary","Secondary","Biological field observations","Unclear. ","Sub-national (within-country region)","","8","richness, density, assemblage, body size","No","Iran"
2020-04-30 21:27:15,"M_Lei","4832",2013,"SILCOCK","Plants/trees/shrubs","Terrestrial",NA," Australia","Oceania (Australia, New Zealand, Fiji, etc)","Sub-national (within-country region)",1,"2010","2010","Unknown/Unclear","","Continuous","During","grazing, a control group was set up","grazing","No","","Primary","Primary","Biological field observations","Field observations","Sub-national (within-country region)","","2","richness and abundance","No"," Australia"
2020-03-19 09:52:00,"A_Herzberger","4841",2015,"Condon","Invertebrates","Marine",20,"many","North America, South America, Asia, Europe, Africa, Antarctica, Oceania (Australia, New Zealand, Fiji, etc)","Global (>100 countries)",30,"1970","2011","Annually","years","they just assume the ocean has got worse over the last 30 years","Before, During, After","general ocean degradation overtime","Trade, Tourism","No","","Secondary","Secondary","Biological field observations","Field observations","Global (>100 countries)","","1","abundance ","No",""
2020-04-27 16:08:59,"C_Hovis","4850",2013,"Arizaga","Birds","Terrestrial",NA,"Spain","Europe","Unclear/unspecified",1,"2011","2011","Seasonally","","Categorical","Before, After","invasive spp","Species Dispersal","No","","Primary","Primary","Biological field observations","Field observations","Sub-national (within-country region)","","1","diversity indes","No","Spain"
2020-04-30 17:10:08,"Y_Zhang","5063",2019,"Warren","Birds","Terrestrial",NA,"USA","North America (includes Hawaii & all countries above Panama Canal)","Sub-national (within-country region)",2,"2006-2008","2011-2013","Unknown/Unclear","Field work days involved","Continuous","Before, After","Urbanization between two study years","Migration (human)","No","","Primary","Secondary","Biological field observations","Aggregate institutional data","Sub-national (within-country region)","","3","Richness, occupancy, abundance","No","USA"
2020-04-30 18:03:02,"Y_Zhang","5076",2018,"Assandri","Birds","Terrestrial",NA,"Italy","Europe","Sub-national (within-country region)",2,"2017","2017","Unknown/Unclear","Three visits/surveys during breeding seasons","Continuous","After","Agriculture (EU CAP policy)","Trade, Agricultural policy (trade inferred)","No","","Primary","Secondary","Biological field observations","Aggregate institutional data","Sub-national (within-country region)","","1","Richness","No","Italy"
2020-04-05 11:50:54,"X_Wu","5125",2019,"Niu","Plants/trees/shrubs","Terrestrial",NA,"China and rest of the world","Asia","Unclear/unspecified",1,NA,NA,"Unknown/Unclear","Not mention in the paper","Continuous","During","","Tourism","No","","Primary","Primary","Biological field observations","Field observations","Sub-national (within-country region)","","1","Species diversity","No","China"
2020-05-11 20:24:00,"E_Xing","5175",2019,"Lewis","Birds","Terrestrial",1,"USA","North America","Sub-national (within-country region)",4,"2016","2018","Annually","na","Categorical","after, 1 time, compare with other wetland","Payment for Agricultural Conservation Easement Program (ACEP)","Other","No","na","Primary","Secondary","biological","social","subnational","na","2","no such data in Chinese survey","No","no such data in Chinese survey"
2020-04-06 11:53:33,"X_Wu","5309",2019,"Dunn","Birds","Terrestrial",NA,"Antarctic","Antarctica","Intercontinental (> 2 continents)",21,"1996","2017","Annually","","Continuous","During","","Tourism","No","","Primary","Primary","Biological field observations","Field observations","International (within a continent; e.g., European Union)","","1","Population","No","Antarctic"
2020-04-30 17:31:20,"Y_Zhang","5314",2018,"Reif","Birds","Terrestrial",NA,"Czechia","Europe","National",2,"1993-2004","2005-2017","Annually","","Continuous","Before, After","","Trade, Agricultural intensity (trade inferred)","No","","Secondary","Secondary","Aggregate institutional data","Aggregate institutional data","National","","1","Bird population abundance","No","Czechia"
2020-04-10 16:05:37,"A_Herzberger","5477",2018,"Symes","Birds","Marine",NA,"Sundaland - its not really any countries, more like a region of islands","Asia, Europe, Oceania (Australia, New Zealand, Fiji, etc)","Intercontinental (> 2 continents)",2,"2000","2015","Annually","","Categorical","During","exploitation and habitat loss (driven by wildlife trade, agriculture)","Trade","Yes","they discuss the different sources of exploitation and habitat loss","Primary, Secondary","Secondary","Social science field observations, Remote sensing, Aggregate institutional data","Remote sensing, Aggregate institutional data","Intercontinental (> 2 continents)","","1","habitat loss","No","Sundaland - its not really any countries, more like a region of islands"
2020-03-19 10:43:14,"A_Herzberger","5486",2018,"Urra","Invertebrates","Marine",1,"Spain","Europe","Sub-national ((within-country region)",4,"2004","2005","Seasonally","","Categorical","Before, During, After","harvest of mollusks during tourist season ","Tourism","No","","Primary","Secondary","Biological field observations","Field observations","Sub-national (within-country region)","","1","abundance","No",""
2020-06-09 14:31:59,"A_Herzberger","5577",2012,"Fischer","Birds","Terrestrial, Freshwater",NA,"USA","North America (includes Hawaii & all countries above Panama Canal)","Intercontinental (> 2 continents)",2,"2005","2006","Seasonally","","Categorical","During, After","Invasion of riparian areas by Russian Olive that was introduced for conservation (soil stability)  ","Species Dispersal, Knowledge Transfer","No","","Primary","Primary","Biological field observations","Field observations, Remote sensing","Sub-national (within-country region)","","1","Species richness","No","USA"
2020-05-19 20:24:57,"X_Wu","5746",2012,"Villamagna","Birds","Freshwater",NA,"Mexico","North America (includes Hawaii & all countries above Panama Canal)","Unclear/unspecified",6,"2006","2008","Seasonally","","Continuous","During","","Species Dispersal","No","","Primary","Primary","Biological field observations","Field observations","Sub-national (within-country region)","","4","Density, species richness, Simpson's index, species composition","No","Mexico"
2020-04-30 12:40:57,"C_Hovis","5756",2012,"Remis","Mammals","Terrestrial",NA,"Central African Republic, Rest of the World?","Africa","Unclear/unspecified",2,"1994","2009","Seasonally","","Continuous","Before, After","","Trade, Migration (human)","No","","Primary","Primary","Biological field observations","Field observations, Social science field surveys","Sub-national (within-country region)","Unclear if migrants/demand for meat comes from outside the country/continent","7","groups/km, spp comp","No","Central African Republic"
2020-04-30 16:38:13,"K_Kapsar","5773",2012,"Chepinoga","Plants/trees/shrubs","Terrestrial",NA,"Russia","Asia","Unclear/unspecified",1,"2009","2009","Unknown/Unclear","Single time period","Continuous","During","Tourists","Tourism","No","","Primary","Primary","Biological field observations","Field observations","Sub-national (within-country region)","","1","species richness","No","Russia"
2020-04-30 17:00:31,"K_Kapsar","5782",2012,"Martin","Birds","Terrestrial",NA,"Spain","Europe","Unclear/unspecified",2,"1998","2008","Unknown/Unclear","","Continuous","Before, During","Agri-environmental policy","Knowledge Transfer","No","","Primary","Primary","Biological field observations","Field observations","Sub-national (within-country region)","","1","Percent change in population size","No","Spain"
2020-05-11 23:37:00,"E_Xing","5804",2012,"FITZGERALD","Other","Terrestrial",1,"USA","North America","Sub-national (within-country region)",34,"1993","2009","Other","na","Continuous","na","alien species","Migration nonhuman","No","na","Primary","Primary","biological","biological","subnational","na","1","no such data in Chinese survey","No","no such data in Chinese survey"
2020-05-15 14:32:41,"E_Dean","5844",2012,"Brewer","Fish","Marine",NA,"Solomon islands whose pressure on coral reef fishes are driven by market demand, pop. density, and socioeconomic development that ultimately affect fishing pressure and reduction in coral cover","Oceania (Australia, New Zealand, Fiji, etc)","Sub-national (within-country region)",1,"2004","2004","Monthly","","Continuous","During","Human population density (people per sq. km of the coral reef), socioeconomic development (sum of un-weighted infrastructures and amenities), market access (un-weighted sum of the shortest distance from each ecological sampling location to the nearest local fish market, provincial capital, and national capital using roads and sea as routes as distance measures)","Trade","Yes","","Primary","Secondary","Biological field observations","Social science field surveys, Aggregate institutional data","Sub-national (within-country region)","","8","Species richness; species evenness; average taxonomic distinctness (AvTD); variation in taxonomic distinctness (VarTD); all herbivores; non-target herbivores; all piscivores; non-target piscivores","No","Solomon Islands"
2020-04-05 17:29:40,"X_Wu","5853",2012,"Flecks","Reptiles","Terrestrial",NA,"Tanzania","Africa","Intercontinental (> 2 continents)",1,"2009","2009","Annually","","Categorical","During","","Trade","No","","Primary","Primary","Biological field observations","Social science field surveys","Sub-national (within-country region)","","1","Population","No","Tanzania"
2020-03-26 16:18:22,"A_Herzberger","5875",2012,"Fiedler","Reptiles","Marine",NA,"sampled in global driftnet fishery","South America, Africa","Global (>100 countries)",5,"2002","2008","Annually","","Categorical","During","Driftnet fisheries by catch sea turtle ","Trade","No","","Primary","Primary","Biological field observations","Field observations","Intercontinental (> 2 continents)","","2","capture rate, capture composition ","No","between 22Â° to 28Â°S and 35Â° to 48Â°W"
2020-03-20 10:27:11,"A_Herzberger","5905",2012,"Sarmento","Invertebrates","Marine",NA,"Brazil","South America","Sub-national ((within-country region)",1,"2009","2009","5 replicates at 1 time","","Categorical","Before, During, After","trampling of reef habitat by tourists","Tourism","No","","Primary","Primary","Biological field observations","Field observations","Sub-national (within-country region)","","4","reef temperature; reef height; reef weight; species richness; diversity;  community assemblage","No",""
2020-05-28 17:01:26,"K_Kapsar","5926",2011,"Harriague","Invertebrates","Marine",NA,"Italy","Europe","Unclear/unspecified",2,"2006","2007","Unknown/Unclear","Two sampling events","Categorical","Before, During","Tourist vessels in harbor","Tourism","No","","Primary","Primary","Biological field observations","Field observations","Sub-national (within-country region)","","4","abundance, biomass, species richness, ecological integrity","No","Italy"
2020-03-19 15:21:28,"MG_Chung","5966",2012,"Vitule","Fish","Freshwater",5,"Brazil; Paraguay; Argentina; Bolivia; Uruguay","South America","International (within a continent; e.g., European Union)",2,NA,NA,"Annually","","Categorical","Before, After","changes in biotic homogenization of fish fauna/assemblages caused by the elimination of a natural barrier due to dam construction, aquaculture, and aquarium trade","Water Transfer","No","","Secondary","Secondary","Aggregate institutional data","Aggregate institutional data","International (within a continent; e.g., European Union)","","2","Jaccard's coefficient; Whittaker's beta biodiversity index","No",""
2020-05-25 23:02:44,"M_Lei","6195",2011,"Azhar","Birds","Terrestrial",NA,"Malaysia","Asia","Sub-national (within-country region)",1,"2009","2009","Annually","","Continuous","After","natural forest prior to conversion to oil palms.","Investment","No","","Primary","Primary","Biological field observations","Field observations","Sub-national (within-country region)","","1","birds richness","No","Malaysia"
2020-04-29 16:32:41,"A_Torres","6254",2011,"Seshadri","Mammals, Reptiles, Amphibians, Invertebrates","Terrestrial",NA,"India","Asia","Sub-national (within-country region)",2,"2008","2009","Annually","","Continuous","Before, During","Increased traffic due to religious tourism","Tourism","No","","Primary","Primary","Biological field observations","Field observations","Sub-national (within-country region)","","8","mortality-diurnal-habitat1;mortality-diurnal-habitat2;mortality-diurnal-habitat3;mortality-diurnal-habitat4;mortality-nocturnal-habitat1;mortality-nocturnal-habitat2;mortality-nocturnal-habitat3;mortality-nocturnal-habitat4","No","India"
2020-05-12 00:58:24,"R_Chen","6315",2011,"Burn","Mammals","Terrestrial",NA,"many","Unclear/unknown","Global (>100 countries)",8,"2002","2009","Unknown/Unclear","don't mentioned","Continuous","After","ivory trade","Trade","No","","Secondary","Secondary","Biological field observations","Field observations","Intercontinental (> 2 continents)","","1","poaching index","No","many"
2020-05-13 00:05:00,"E_Xing","6321",2011,"SARMENTO","Invertebrates;Plants","Marine",1,"Brazil","South America","Sub-national (within-country region)",1,"2009","2009","Other","one time","Continuous","compare two kinds of sites","tourism","Tourism","No","na","Primary","Primary","biological","social","subnational","na","3","no such data in Chinese survey","No","no such data in Chinese survey"
2020-03-31 15:41:36,"A_Herzberger","6331",2011,"Vibrans","Plants/trees/shrubs","Terrestrial",NA,"Brazil","South America","Global (>100 countries)",1,"2007","2008","Unknown/Unclear","1 type period, comparing sites with disturbance","Categorical","","Logging, livestock and control ","Trade","No","","Primary","Primary","Biological field observations","Field observations","Sub-national (within-country region)","","2","species richness, regeneration ","No","Brazil"
2020-05-11 12:22:26,"R_Chen","6348",2011,"Sundermann","Invertebrates","Freshwater",NA,"1","Europe","Sub-national (within-country region)",2,"2007","2008","Annually","annual","Continuous","During","no peri or telecoupled flow","Technology Transfer","No","","Primary","Primary","Biological field observations","Field observations","Sub-national (within-country region)","","1","Number of available benthic invertebrate samples","No","1"
2020-03-19 16:37:56,"MG_Chung","6396",2011,"Murphy","Invertebrates","Freshwater",2,"Belarus; Ukraine","Europe","International (within a continent; e.g., European Union)",1,"2003","2004","Annually","","Continuous","After","radiation exposure (137Cs activity concentration) after Chernobyl accident","Chernobyl Nuclear Power Plant","No","","Primary","Primary","Biological field observations","Field observations","Sub-national (within-country region)","","4","abundance of individuals; taxon richness; Berger-Parker dominance; Shannon-Wiener diversity","No",""
2020-03-20 10:30:03,"MG_Chung","6493",2011,"Suarez-Rubio","Birds","Terrestrial",NA,"USA","North America","Sub-national ((within-country region)",1,"2006","2006","Seasonally","","Categorical","After","comparison between forests (reference) and exurban development sites","Exurban development","No","","Primary","Secondary","Biological field observations","Remote sensing","Sub-national (within-country region)","","2","a multi-response permutation procedure (MRPP); species abundance","No",""
2020-04-05 17:20:38,"E_Dean","6502",2011,"Nocera","Birds","Terrestrial",NA,"Unclear","North America (includes Hawaii & all countries above Panama Canal)","International (within a continent; e.g., European Union)",3,NA,NA,"Unknown/Unclear","The study used datasets over 40 year period, but I do not know the temporal resolution of that data.","Continuous","After","Import and export of beef; amount of hay harvested","Trade","Yes","","Secondary","Secondary","Biological field observations","Aggregate institutional data","International (within a continent; e.g., European Union)","","21","Relative abundance of bird species","No","Unclear"
2020-04-21 11:50:35,"C_Hovis","6511",2011,"Gleditsch","Birds","Terrestrial",NA,"United States, Asia","North America (includes Hawaii & all countries above Panama Canal)","Intercontinental (> 2 continents)",1,"2009","2009","Seasonally","","Continuous","After","Invasive species abundance (Honeysuckle)","Species Dispersal","No","","Primary","Primary","Biological field observations","Field observations","Sub-national (within-country region)","Bird spp reported as negatively correlated with invasive spp had an r2 0.047 and 0.018 but I believe these spp were negatively correlated with the NMS axis related to the invasive spp presence","6","Bird abundance for six spp","No","United States"
2020-04-06 16:45:22,"X_Wu","6820",2010,"Young","Birds","Terrestrial",NA,"St Lucia","North America (includes Hawaii & all countries above Panama Canal)","Unclear/unspecified",2,"2006","2007","Daily","","Categorical","During","","Tourism","No","","Primary","Primary","Biological field observations","Remote sensing","Sub-national (within-country region)","","1","Population","No","St Lucia"
2020-03-19 22:27:04,"X_Wu","6845",2010,"Juhasz","Invertebrates","Marine",1,"French Polynesia","Oceania (Australia, New Zealand, Fiji, etc)","Sub-national ((within-country region)",1,NA,NA,"Daily","","Categorical","After","","Tourism","No","","Primary","Primary","Biological field observations","Field observations","Sub-national (within-country region)","","1","Species abundence","No",""
2020-04-30 21:43:31,"Y_Zhang","6948",2010,"Hvenegaard","Birds","Terrestrial, Marine",NA,"Unknown tourist source","South America","Unclear/unspecified",67,"2004","2004","Daily, Use explicit survey days","","Continuous","Before, After","Number of tourists","Tourism","No","","Primary","Secondary","Biological field observations","Aggregate institutional data","Sub-national (within-country region)","","1","[Log of ] Number of shorebirds by species","No","Brazil"
2020-05-12 12:01:04,"R_Chen","3790002",2019,"Liu","Plants/trees/shrubs","Terrestrial",NA,"1","Asia","Sub-national (within-country region)",1,NA,NA,"Unknown/Unclear","not mentioned","Continuous","After","established a regression model to explain the relationship between human interference and abun-dance of bryophytes in the five sinkholes,","Tourism","No","","Primary","Primary","Biological field observations","Field observations","Sub-national (within-country region)","","1","number of species","No","1"
2020-05-29 22:49:00,"Y_Li","813",2018,"Mantelatto","Plants/trees/shrubs","Marine",NA,"Brazil","South America","Sub-national (within-country region)",1,"2017","2017","Annually","","Continuous","","invasive species via trade","Trade, Species Dispersal","No","","Primary","Secondary","Biological field observations","Aggregate institutional data","Sub-national (within-country region)","","1","abundance","No","Brazil"
2020-03-20 10:47:15,"Y_Li","2222",2016,"Nishijima","Birds","Terrestrial",NA,"many","Unclear/unknown","Global (>100 countries)",4,"2000","2004","Annually","","Continuous","","wood trade. (ps: ""how do they quantify it"" is confusing here)","Trade","Unclear/Uncertain","if it is about trade among all counties, what coupling should it be?","Secondary","Secondary","Aggregate institutional data","Aggregate institutional data","Sub-national (within-country region)","","1","bird extinction risks (a repeat question, as this has been asked in survey #1)","No",""
